[{"model": "lunch_gacha.user", "pk": 1, "fields": {"password": "pbkdf2_sha256$260000$ArEqsM3PtaFwpnxMRVJogD$OPmuK+s1n/N79qYaW8/axDGcDevz87X6uUdeZCUrLOU=", "last_login": "2021-10-26T03:53:00.891Z", "is_superuser": true, "username": "admin", "is_staff": true, "is_active": true, "date_joined": "2021-10-26T03:52:56.856Z", "groups": [], "user_permissions": []}}, {"model": "lunch_gacha.user", "pk": 2, "fields": {"password": "pbkdf2_sha256$260000$gmIT6DuqBxBl6E91aUQCnW$pEjRp0c5UPUgvkCVggcoFNsbMmKc+WYQZkkSb+ar71Y=", "last_login": "2022-06-04T04:12:06.708Z", "is_superuser": true, "username": "tani", "is_staff": true, "is_active": true, "date_joined": "2022-03-09T02:42:02.051Z", "groups": [], "user_permissions": []}}, {"model": "lunch_gacha.district", "pk": 1, "fields": {"name": "本郷赤門前"}}, {"model": "lunch_gacha.district", "pk": 2, "fields": {"name": "本郷正門前"}}, {"model": "lunch_gacha.district", "pk": 3, "fields": {"name": "弥生農正門前"}}, {"model": "lunch_gacha.district", "pk": 4, "fields": {"name": "根津"}}, {"model": "lunch_gacha.district", "pk": 5, "fields": {"name": "本郷三丁目駅周辺"}}, {"model": "lunch_gacha.district", "pk": 6, "fields": {"name": "湯島"}}, {"model": "lunch_gacha.district", "pk": 7, "fields": {"name": "白山"}}, {"model": "lunch_gacha.district", "pk": 8, "fields": {"name": "後楽園"}}, {"model": "lunch_gacha.district", "pk": 9, "fields": {"name": "御茶ノ水"}}, {"model": "lunch_gacha.storetype", "pk": 1, "fields": {"name": "レストラン", "description": "20席以上ある、または複数種類のメニューを提供する"}}, {"model": "lunch_gacha.storetype", "pk": 2, "fields": {"name": "小規模店舗", "description": "席数が20以下であるか、単系統のメニューのみを提供する"}}, {"model": "lunch_gacha.storetype", "pk": 3, "fields": {"name": "ファストフード", "description": "ファストフード店"}}, {"model": "lunch_gacha.storetype", "pk": 5, "fields": {"name": "コンビニエンスストア", "description": "コンビニエンスストア\r\nイートイン席数を問わない"}}, {"model": "lunch_gacha.storetype", "pk": 6, "fields": {"name": "カフェ", "description": null}}, {"model": "lunch_gacha.lunchgenre", "pk": 1, "fields": {"name": "ラーメン(豚骨)"}}, {"model": "lunch_gacha.lunchgenre", "pk": 2, "fields": {"name": "ラーメン(家系)"}}, {"model": "lunch_gacha.lunchgenre", "pk": 3, "fields": {"name": "ラーメン(その他)"}}, {"model": "lunch_gacha.lunchgenre", "pk": 4, "fields": {"name": "中華料理"}}, {"model": "lunch_gacha.lunchgenre", "pk": 5, "fields": {"name": "ラーメン(二郎系)"}}, {"model": "lunch_gacha.lunchgenre", "pk": 6, "fields": {"name": "ハンバーガー"}}, {"model": "lunch_gacha.lunchgenre", "pk": 7, "fields": {"name": "焼肉"}}, {"model": "lunch_gacha.lunchgenre", "pk": 8, "fields": {"name": "まぜそば・油そば"}}, {"model": "lunch_gacha.lunchgenre", "pk": 9, "fields": {"name": "イタリアン"}}, {"model": "lunch_gacha.lunchgenre", "pk": 15, "fields": {"name": "インド料理"}}, {"model": "lunch_gacha.lunchgenre", "pk": 17, "fields": {"name": "和食"}}, {"model": "lunch_gacha.lunchgenre", "pk": 18, "fields": {"name": "そば"}}, {"model": "lunch_gacha.lunchgenre", "pk": 19, "fields": {"name": "海鮮"}}, {"model": "lunch_gacha.lunchgenre", "pk": 20, "fields": {"name": "タイ料理"}}, {"model": "lunch_gacha.lunchgenre", "pk": 21, "fields": {"name": "焼き鳥"}}, {"model": "lunch_gacha.lunchgenre", "pk": 22, "fields": {"name": "居酒屋"}}, {"model": "lunch_gacha.lunchgenre", "pk": 23, "fields": {"name": "カレー"}}, {"model": "lunch_gacha.lunchgenre", "pk": 24, "fields": {"name": "丼もの"}}, {"model": "lunch_gacha.lunchgenre", "pk": 25, "fields": {"name": "坦々麺"}}, {"model": "lunch_gacha.lunchgenre", "pk": 26, "fields": {"name": "弁当"}}, {"model": "lunch_gacha.lunchgenre", "pk": 27, "fields": {"name": "軽食類"}}, {"model": "lunch_gacha.lunchgenre", "pk": 28, "fields": {"name": "洋食全般"}}, {"model": "lunch_gacha.lunchgenre", "pk": 29, "fields": {"name": "揚げ物"}}, {"model": "lunch_gacha.lunchgenre", "pk": 30, "fields": {"name": "寿司"}}, {"model": "lunch_gacha.lunchplace", "pk": 2, "fields": {"name": "用心棒 本郷", "district": 3, "store_type": 2, "has_eatin": true, "has_takeout": false, "is_valid": true, "genre": [5]}}, {"model": "lunch_gacha.lunchplace", "pk": 3, "fields": {"name": "セブンイレブン文京向丘1丁目店", "district": 3, "store_type": 5, "has_eatin": false, "has_takeout": true, "is_valid": true, "genre": [26, 27]}}, {"model": "lunch_gacha.lunchplace", "pk": 4, "fields": {"name": "東大生協農学部購買", "district": 3, "store_type": 5, "has_eatin": false, "has_takeout": true, "is_valid": true, "genre": [26, 27]}}, {"model": "lunch_gacha.lunchplace", "pk": 5, "fields": {"name": "東大生協農学部食堂", "district": 3, "store_type": 1, "has_eatin": true, "has_takeout": false, "is_valid": true, "genre": [3, 17, 28]}}, {"model": "lunch_gacha.lunchplace", "pk": 6, "fields": {"name": "カフェアグリワンオーワン", "district": 3, "store_type": 6, "has_eatin": true, "has_takeout": true, "is_valid": true, "genre": [26, 27]}}, {"model": "lunch_gacha.lunchplace", "pk": 7, "fields": {"name": "アブルボア(東大農学部内)", "district": 3, "store_type": 1, "has_eatin": true, "has_takeout": true, "is_valid": true, "genre": [26, 27, 28]}}, {"model": "lunch_gacha.lunchplace", "pk": 8, "fields": {"name": "ビサール", "district": 3, "store_type": 2, "has_eatin": true, "has_takeout": true, "is_valid": true, "genre": [15, 23]}}, {"model": "lunch_gacha.lunchplace", "pk": 9, "fields": {"name": "SUBWAY 東大工学部2号館店", "district": 2, "store_type": 3, "has_eatin": true, "has_takeout": true, "is_valid": true, "genre": [27]}}, {"model": "lunch_gacha.lunchplace", "pk": 10, "fields": {"name": "ローソンストア100 東大工学部3号館店", "district": 2, "store_type": 5, "has_eatin": false, "has_takeout": true, "is_valid": true, "genre": [26, 27]}}, {"model": "lunch_gacha.lunchplace", "pk": 11, "fields": {"name": "ローソン 東大安田講堂店", "district": 2, "store_type": 5, "has_eatin": false, "has_takeout": true, "is_valid": true, "genre": [26, 27]}}, {"model": "lunch_gacha.lunchplace", "pk": 12, "fields": {"name": "ドトールコーヒー 東大安田講堂前店", "district": 2, "store_type": 6, "has_eatin": true, "has_takeout": false, "is_valid": true, "genre": [27]}}, {"model": "lunch_gacha.lunchplace", "pk": 13, "fields": {"name": "東京大学中央食堂", "district": 2, "store_type": 1, "has_eatin": true, "has_takeout": false, "is_valid": true, "genre": [3, 17, 28]}}, {"model": "lunch_gacha.lunchplace", "pk": 14, "fields": {"name": "東大生協 第二購買", "district": 2, "store_type": 5, "has_eatin": false, "has_takeout": true, "is_valid": true, "genre": [26, 27]}}, {"model": "lunch_gacha.lunchplace", "pk": 15, "fields": {"name": "ネオポンテTOKYO", "district": 2, "store_type": 2, "has_eatin": false, "has_takeout": true, "is_valid": true, "genre": [26, 27, 28]}}, {"model": "lunch_gacha.lunchplace", "pk": 16, "fields": {"name": "東大生協 第二食堂", "district": 2, "store_type": 1, "has_eatin": true, "has_takeout": false, "is_valid": true, "genre": [3, 17, 28]}}, {"model": "lunch_gacha.lunchplace", "pk": 17, "fields": {"name": "東大生協 第一購買", "district": 2, "store_type": 5, "has_eatin": false, "has_takeout": true, "is_valid": true, "genre": [26, 27]}}, {"model": "lunch_gacha.lunchplace", "pk": 18, "fields": {"name": "スターバックスコーヒー 東大工学部店", "district": 2, "store_type": 6, "has_eatin": true, "has_takeout": true, "is_valid": true, "genre": [27]}}, {"model": "lunch_gacha.lunchplace", "pk": 19, "fields": {"name": "北海道の米と汁U-gohan 東大正門", "district": 2, "store_type": 2, "has_eatin": true, "has_takeout": false, "is_valid": true, "genre": [17]}}, {"model": "lunch_gacha.lunchplace", "pk": 20, "fields": {"name": "SUPER PIZZA", "district": 2, "store_type": 2, "has_eatin": true, "has_takeout": true, "is_valid": true, "genre": [9]}}, {"model": "lunch_gacha.lunchplace", "pk": 21, "fields": {"name": "ファミリーマート 東大正門前店", "district": 2, "store_type": 5, "has_eatin": false, "has_takeout": true, "is_valid": true, "genre": [26, 27]}}, {"model": "lunch_gacha.lunchplace", "pk": 22, "fields": {"name": "美味しい屋", "district": 2, "store_type": 1, "has_eatin": true, "has_takeout": true, "is_valid": true, "genre": [4]}}, {"model": "lunch_gacha.lunchplace", "pk": 23, "fields": {"name": "吉田とん汁店", "district": 2, "store_type": 2, "has_eatin": true, "has_takeout": true, "is_valid": true, "genre": [17]}}, {"model": "lunch_gacha.lunchplace", "pk": 24, "fields": {"name": "喫茶ルオー", "district": 2, "store_type": 6, "has_eatin": true, "has_takeout": false, "is_valid": true, "genre": [27, 28]}}, {"model": "lunch_gacha.lunchplace", "pk": 25, "fields": {"name": "ローソンストア100 本郷郵便局店", "district": 2, "store_type": 5, "has_eatin": false, "has_takeout": true, "is_valid": true, "genre": [26, 27]}}, {"model": "lunch_gacha.lunchplace", "pk": 26, "fields": {"name": "赤門餃子軒", "district": 1, "store_type": 1, "has_eatin": true, "has_takeout": false, "is_valid": true, "genre": [4]}}, {"model": "lunch_gacha.lunchplace", "pk": 27, "fields": {"name": "一番餃子", "district": 1, "store_type": 1, "has_eatin": true, "has_takeout": true, "is_valid": true, "genre": [4]}}, {"model": "lunch_gacha.lunchplace", "pk": 28, "fields": {"name": "赤門そば", "district": 1, "store_type": 2, "has_eatin": true, "has_takeout": false, "is_valid": true, "genre": [18]}}, {"model": "lunch_gacha.lunchplace", "pk": 29, "fields": {"name": "ダージリン本郷店", "district": 1, "store_type": 2, "has_eatin": true, "has_takeout": true, "is_valid": true, "genre": [15, 23]}}, {"model": "lunch_gacha.lunchplace", "pk": 30, "fields": {"name": "海鮮どんぶり銀八丼", "district": 1, "store_type": 2, "has_eatin": true, "has_takeout": true, "is_valid": true, "genre": [19]}}, {"model": "lunch_gacha.lunchplace", "pk": 31, "fields": {"name": "タイ屋台食堂Thai Food", "district": 1, "store_type": 2, "has_eatin": true, "has_takeout": true, "is_valid": true, "genre": [20]}}, {"model": "lunch_gacha.lunchplace", "pk": 32, "fields": {"name": "家家家 本郷店", "district": 1, "store_type": 2, "has_eatin": true, "has_takeout": false, "is_valid": true, "genre": [2]}}, {"model": "lunch_gacha.lunchplace", "pk": 33, "fields": {"name": "IZASA", "district": 1, "store_type": 2, "has_eatin": true, "has_takeout": false, "is_valid": true, "genre": [3]}}, {"model": "lunch_gacha.lunchplace", "pk": 34, "fields": {"name": "らーめん一信", "district": 1, "store_type": 2, "has_eatin": true, "has_takeout": false, "is_valid": true, "genre": [3]}}, {"model": "lunch_gacha.lunchplace", "pk": 35, "fields": {"name": "焼き鳥ラッキー本郷三丁目店", "district": 5, "store_type": 2, "has_eatin": false, "has_takeout": true, "is_valid": false, "genre": [21]}}, {"model": "lunch_gacha.lunchplace", "pk": 36, "fields": {"name": "本格らぁめん末廣 本郷店", "district": 5, "store_type": 2, "has_eatin": true, "has_takeout": false, "is_valid": true, "genre": [3]}}, {"model": "lunch_gacha.lunchplace", "pk": 37, "fields": {"name": "日高屋 本郷三丁目店", "district": 5, "store_type": 1, "has_eatin": true, "has_takeout": true, "is_valid": true, "genre": [4]}}, {"model": "lunch_gacha.lunchplace", "pk": 38, "fields": {"name": "洋食屋せんごく 本郷店", "district": 5, "store_type": 1, "has_eatin": true, "has_takeout": false, "is_valid": true, "genre": [28]}}, {"model": "lunch_gacha.lunchplace", "pk": 39, "fields": {"name": "MEGURO 東京本郷三丁目店", "district": 5, "store_type": 1, "has_eatin": true, "has_takeout": false, "is_valid": true, "genre": [19]}}, {"model": "lunch_gacha.lunchplace", "pk": 40, "fields": {"name": "インドカレーナマステ 本郷三丁目店", "district": 5, "store_type": 2, "has_eatin": true, "has_takeout": true, "is_valid": true, "genre": [15, 23]}}, {"model": "lunch_gacha.lunchplace", "pk": 41, "fields": {"name": "モスバーガー", "district": 5, "store_type": 3, "has_eatin": true, "has_takeout": true, "is_valid": true, "genre": [6]}}, {"model": "lunch_gacha.lunchplace", "pk": 42, "fields": {"name": "バーガーキング 本郷三丁目店", "district": 5, "store_type": 3, "has_eatin": true, "has_takeout": true, "is_valid": true, "genre": [6]}}, {"model": "lunch_gacha.lunchplace", "pk": 43, "fields": {"name": "加賀屋 本郷店", "district": 5, "store_type": 1, "has_eatin": true, "has_takeout": false, "is_valid": false, "genre": [22]}}, {"model": "lunch_gacha.lunchplace", "pk": 44, "fields": {"name": "テング酒場 本郷三丁目店", "district": 5, "store_type": 1, "has_eatin": true, "has_takeout": false, "is_valid": false, "genre": [22]}}, {"model": "lunch_gacha.lunchplace", "pk": 45, "fields": {"name": "サンマルクカフェ 本郷三丁目メトロピア店", "district": 5, "store_type": 6, "has_eatin": true, "has_takeout": false, "is_valid": true, "genre": [27]}}, {"model": "lunch_gacha.lunchplace", "pk": 46, "fields": {"name": "がブリチキン。 本郷店", "district": 5, "store_type": 1, "has_eatin": true, "has_takeout": true, "is_valid": true, "genre": [22]}}, {"model": "lunch_gacha.lunchplace", "pk": 47, "fields": {"name": "ファミリーマート 本郷三丁目店", "district": 5, "store_type": 5, "has_eatin": false, "has_takeout": true, "is_valid": true, "genre": [26, 27]}}, {"model": "lunch_gacha.lunchplace", "pk": 48, "fields": {"name": "我流坦々麺竹子 本郷店", "district": 5, "store_type": 2, "has_eatin": true, "has_takeout": false, "is_valid": true, "genre": [25]}}, {"model": "lunch_gacha.lunchplace", "pk": 49, "fields": {"name": "麺やねむ瑠", "district": 5, "store_type": 2, "has_eatin": true, "has_takeout": false, "is_valid": true, "genre": [3]}}, {"model": "lunch_gacha.lunchplace", "pk": 50, "fields": {"name": "カレーハウスCoCO壱番屋 本郷三丁目駅前店", "district": 5, "store_type": 1, "has_eatin": true, "has_takeout": true, "is_valid": true, "genre": [23]}}, {"model": "lunch_gacha.lunchplace", "pk": 51, "fields": {"name": "なか卯 本郷三丁目店", "district": 5, "store_type": 3, "has_eatin": true, "has_takeout": true, "is_valid": true, "genre": [24]}}, {"model": "lunch_gacha.lunchplace", "pk": 52, "fields": {"name": "瀬佐味亭", "district": 1, "store_type": 2, "has_eatin": true, "has_takeout": false, "is_valid": true, "genre": [25]}}, {"model": "lunch_gacha.lunchplace", "pk": 53, "fields": {"name": "蓬渓閣", "district": 5, "store_type": 1, "has_eatin": true, "has_takeout": false, "is_valid": true, "genre": [4]}}, {"model": "lunch_gacha.lunchplace", "pk": 54, "fields": {"name": "サイゼリヤ", "district": 2, "store_type": 1, "has_eatin": true, "has_takeout": false, "is_valid": true, "genre": [9]}}, {"model": "lunch_gacha.lunchplace", "pk": 55, "fields": {"name": "やよい軒　本郷店", "district": 5, "store_type": 1, "has_eatin": true, "has_takeout": false, "is_valid": true, "genre": [17, 28]}}, {"model": "lunch_gacha.lunchplace", "pk": 56, "fields": {"name": "ネオ屋台村(工8号館下)", "district": 2, "store_type": 2, "has_eatin": false, "has_takeout": true, "is_valid": true, "genre": [26]}}, {"model": "lunch_gacha.lunchplace", "pk": 57, "fields": {"name": "ネオ屋台村(学生支援C前)", "district": 2, "store_type": 2, "has_eatin": false, "has_takeout": true, "is_valid": true, "genre": [26]}}, {"model": "lunch_gacha.lunchplace", "pk": 58, "fields": {"name": "ネオ屋台村(経済棟)", "district": 1, "store_type": 2, "has_eatin": false, "has_takeout": true, "is_valid": true, "genre": [26]}}, {"model": "lunch_gacha.lunchplace", "pk": 59, "fields": {"name": "ネオ屋台村(病院前)", "district": 1, "store_type": 2, "has_eatin": false, "has_takeout": true, "is_valid": true, "genre": [26]}}, {"model": "lunch_gacha.lunchplace", "pk": 60, "fields": {"name": "ネオ屋台村(本部棟)", "district": 1, "store_type": 2, "has_eatin": false, "has_takeout": true, "is_valid": true, "genre": [26]}}, {"model": "lunch_gacha.lunchplace", "pk": 61, "fields": {"name": "保刈商店", "district": 3, "store_type": 2, "has_eatin": false, "has_takeout": true, "is_valid": true, "genre": [26, 29]}}, {"model": "lunch_gacha.lunchplace", "pk": 62, "fields": {"name": "とり多津　根津店", "district": 4, "store_type": 2, "has_eatin": false, "has_takeout": true, "is_valid": true, "genre": [26, 29]}}, {"model": "lunch_gacha.lunchplace", "pk": 63, "fields": {"name": "吉野家　根津店", "district": 4, "store_type": 3, "has_eatin": true, "has_takeout": true, "is_valid": true, "genre": [24]}}, {"model": "lunch_gacha.lunchplace", "pk": 64, "fields": {"name": "レストランKIZUKA", "district": 4, "store_type": 1, "has_eatin": true, "has_takeout": true, "is_valid": true, "genre": [28]}}, {"model": "lunch_gacha.lunchplace", "pk": 65, "fields": {"name": "SPIGA　根津店", "district": 4, "store_type": 1, "has_eatin": true, "has_takeout": false, "is_valid": true, "genre": [9]}}, {"model": "lunch_gacha.lunchplace", "pk": 66, "fields": {"name": "京樽・スシロー　根津店", "district": 4, "store_type": 2, "has_eatin": false, "has_takeout": true, "is_valid": true, "genre": [30]}}, {"model": "lunch_gacha.lunchplace", "pk": 67, "fields": {"name": "鮨みひろ", "district": 4, "store_type": 2, "has_eatin": true, "has_takeout": false, "is_valid": true, "genre": [30]}}, {"model": "lunch_gacha.lunchplace", "pk": 68, "fields": {"name": "ピザハット　文京根津店", "district": 4, "store_type": 2, "has_eatin": false, "has_takeout": true, "is_valid": true, "genre": [9]}}, {"model": "lunch_gacha.lunchplace", "pk": 69, "fields": {"name": "日比谷松本楼 GRILL 東京大学工学部2号館店", "district": 2, "store_type": 1, "has_eatin": true, "has_takeout": false, "is_valid": true, "genre": [28]}}, {"model": "lunch_gacha.lunchplace", "pk": 70, "fields": {"name": "欧風カレー　ル・ムーラン", "district": 2, "store_type": 1, "has_eatin": true, "has_takeout": true, "is_valid": true, "genre": [23]}}, {"model": "lunch_gacha.lunchplace", "pk": 71, "fields": {"name": "ルヴェ ソン ヴェール 本郷", "district": 2, "store_type": 1, "has_eatin": true, "has_takeout": false, "is_valid": true, "genre": [28]}}, {"model": "lunch_gacha.lunchplace", "pk": 72, "fields": {"name": "札幌味噌ラーメン 三好", "district": 3, "store_type": 2, "has_eatin": true, "has_takeout": false, "is_valid": true, "genre": [3]}}, {"model": "lunch_gacha.lunchplace", "pk": 73, "fields": {"name": "石垣の塩まぜそば 織恩", "district": 3, "store_type": 2, "has_eatin": true, "has_takeout": false, "is_valid": true, "genre": [8]}}]