[{"model": "auth.permission", "pk": 1, "fields": {"name": "Can add log entry", "content_type": 1, "codename": "add_logentry"}}, {"model": "auth.permission", "pk": 2, "fields": {"name": "Can change log entry", "content_type": 1, "codename": "change_logentry"}}, {"model": "auth.permission", "pk": 3, "fields": {"name": "Can delete log entry", "content_type": 1, "codename": "delete_logentry"}}, {"model": "auth.permission", "pk": 4, "fields": {"name": "Can view log entry", "content_type": 1, "codename": "view_logentry"}}, {"model": "auth.permission", "pk": 5, "fields": {"name": "Can add permission", "content_type": 2, "codename": "add_permission"}}, {"model": "auth.permission", "pk": 6, "fields": {"name": "Can change permission", "content_type": 2, "codename": "change_permission"}}, {"model": "auth.permission", "pk": 7, "fields": {"name": "Can delete permission", "content_type": 2, "codename": "delete_permission"}}, {"model": "auth.permission", "pk": 8, "fields": {"name": "Can view permission", "content_type": 2, "codename": "view_permission"}}, {"model": "auth.permission", "pk": 9, "fields": {"name": "Can add group", "content_type": 3, "codename": "add_group"}}, {"model": "auth.permission", "pk": 10, "fields": {"name": "Can change group", "content_type": 3, "codename": "change_group"}}, {"model": "auth.permission", "pk": 11, "fields": {"name": "Can delete group", "content_type": 3, "codename": "delete_group"}}, {"model": "auth.permission", "pk": 12, "fields": {"name": "Can view group", "content_type": 3, "codename": "view_group"}}, {"model": "auth.permission", "pk": 13, "fields": {"name": "Can add content type", "content_type": 4, "codename": "add_contenttype"}}, {"model": "auth.permission", "pk": 14, "fields": {"name": "Can change content type", "content_type": 4, "codename": "change_contenttype"}}, {"model": "auth.permission", "pk": 15, "fields": {"name": "Can delete content type", "content_type": 4, "codename": "delete_contenttype"}}, {"model": "auth.permission", "pk": 16, "fields": {"name": "Can view content type", "content_type": 4, "codename": "view_contenttype"}}, {"model": "auth.permission", "pk": 17, "fields": {"name": "Can add session", "content_type": 5, "codename": "add_session"}}, {"model": "auth.permission", "pk": 18, "fields": {"name": "Can change session", "content_type": 5, "codename": "change_session"}}, {"model": "auth.permission", "pk": 19, "fields": {"name": "Can delete session", "content_type": 5, "codename": "delete_session"}}, {"model": "auth.permission", "pk": 20, "fields": {"name": "Can view session", "content_type": 5, "codename": "view_session"}}, {"model": "auth.permission", "pk": 21, "fields": {"name": "Can add district", "content_type": 6, "codename": "add_district"}}, {"model": "auth.permission", "pk": 22, "fields": {"name": "Can change district", "content_type": 6, "codename": "change_district"}}, {"model": "auth.permission", "pk": 23, "fields": {"name": "Can delete district", "content_type": 6, "codename": "delete_district"}}, {"model": "auth.permission", "pk": 24, "fields": {"name": "Can view district", "content_type": 6, "codename": "view_district"}}, {"model": "auth.permission", "pk": 25, "fields": {"name": "Can add lunch genre", "content_type": 7, "codename": "add_lunchgenre"}}, {"model": "auth.permission", "pk": 26, "fields": {"name": "Can change lunch genre", "content_type": 7, "codename": "change_lunchgenre"}}, {"model": "auth.permission", "pk": 27, "fields": {"name": "Can delete lunch genre", "content_type": 7, "codename": "delete_lunchgenre"}}, {"model": "auth.permission", "pk": 28, "fields": {"name": "Can view lunch genre", "content_type": 7, "codename": "view_lunchgenre"}}, {"model": "auth.permission", "pk": 29, "fields": {"name": "Can add lunch place", "content_type": 8, "codename": "add_lunchplace"}}, {"model": "auth.permission", "pk": 30, "fields": {"name": "Can change lunch place", "content_type": 8, "codename": "change_lunchplace"}}, {"model": "auth.permission", "pk": 31, "fields": {"name": "Can delete lunch place", "content_type": 8, "codename": "delete_lunchplace"}}, {"model": "auth.permission", "pk": 32, "fields": {"name": "Can view lunch place", "content_type": 8, "codename": "view_lunchplace"}}, {"model": "auth.permission", "pk": 33, "fields": {"name": "Can add user", "content_type": 9, "codename": "add_user"}}, {"model": "auth.permission", "pk": 34, "fields": {"name": "Can change user", "content_type": 9, "codename": "change_user"}}, {"model": "auth.permission", "pk": 35, "fields": {"name": "Can delete user", "content_type": 9, "codename": "delete_user"}}, {"model": "auth.permission", "pk": 36, "fields": {"name": "Can view user", "content_type": 9, "codename": "view_user"}}, {"model": "auth.permission", "pk": 37, "fields": {"name": "Can add 店舗形態", "content_type": 10, "codename": "add_storetype"}}, {"model": "auth.permission", "pk": 38, "fields": {"name": "Can change 店舗形態", "content_type": 10, "codename": "change_storetype"}}, {"model": "auth.permission", "pk": 39, "fields": {"name": "Can delete 店舗形態", "content_type": 10, "codename": "delete_storetype"}}, {"model": "auth.permission", "pk": 40, "fields": {"name": "Can view 店舗形態", "content_type": 10, "codename": "view_storetype"}}, {"model": "auth.permission", "pk": 41, "fields": {"name": "Can add リリース履歴", "content_type": 11, "codename": "add_releaselog"}}, {"model": "auth.permission", "pk": 42, "fields": {"name": "Can change リリース履歴", "content_type": 11, "codename": "change_releaselog"}}, {"model": "auth.permission", "pk": 43, "fields": {"name": "Can delete リリース履歴", "content_type": 11, "codename": "delete_releaselog"}}, {"model": "auth.permission", "pk": 44, "fields": {"name": "Can view リリース履歴", "content_type": 11, "codename": "view_releaselog"}}, {"model": "auth.permission", "pk": 45, "fields": {"name": "Can add リリース履歴", "content_type": 12, "codename": "add_releaselog"}}, {"model": "auth.permission", "pk": 46, "fields": {"name": "Can change リリース履歴", "content_type": 12, "codename": "change_releaselog"}}, {"model": "auth.permission", "pk": 47, "fields": {"name": "Can delete リリース履歴", "content_type": 12, "codename": "delete_releaselog"}}, {"model": "auth.permission", "pk": 48, "fields": {"name": "Can view リリース履歴", "content_type": 12, "codename": "view_releaselog"}}, {"model": "admin.logentry", "pk": 1, "fields": {"action_time": "2022-03-09T02:42:15.124Z", "user": 2, "content_type": 6, "object_id": "1", "object_repr": "本郷赤門前", "action_flag": 1, "change_message": "[{\"added\": {}}]"}}, {"model": "admin.logentry", "pk": 2, "fields": {"action_time": "2022-03-09T02:42:19.160Z", "user": 2, "content_type": 6, "object_id": "2", "object_repr": "本郷正門前", "action_flag": 1, "change_message": "[{\"added\": {}}]"}}, {"model": "admin.logentry", "pk": 3, "fields": {"action_time": "2022-03-09T02:42:24.647Z", "user": 2, "content_type": 6, "object_id": "3", "object_repr": "弥生農正門前", "action_flag": 1, "change_message": "[{\"added\": {}}]"}}, {"model": "admin.logentry", "pk": 4, "fields": {"action_time": "2022-03-09T02:42:27.856Z", "user": 2, "content_type": 6, "object_id": "4", "object_repr": "根津", "action_flag": 1, "change_message": "[{\"added\": {}}]"}}, {"model": "admin.logentry", "pk": 5, "fields": {"action_time": "2022-03-09T02:42:40.561Z", "user": 2, "content_type": 6, "object_id": "5", "object_repr": "本郷三丁目駅周辺", "action_flag": 1, "change_message": "[{\"added\": {}}]"}}, {"model": "admin.logentry", "pk": 6, "fields": {"action_time": "2022-03-09T02:42:45.199Z", "user": 2, "content_type": 6, "object_id": "6", "object_repr": "湯島", "action_flag": 1, "change_message": "[{\"added\": {}}]"}}, {"model": "admin.logentry", "pk": 7, "fields": {"action_time": "2022-03-09T02:42:51.788Z", "user": 2, "content_type": 6, "object_id": "7", "object_repr": "白山", "action_flag": 1, "change_message": "[{\"added\": {}}]"}}, {"model": "admin.logentry", "pk": 8, "fields": {"action_time": "2022-03-09T02:42:56.503Z", "user": 2, "content_type": 6, "object_id": "8", "object_repr": "後楽園", "action_flag": 1, "change_message": "[{\"added\": {}}]"}}, {"model": "admin.logentry", "pk": 9, "fields": {"action_time": "2022-03-09T02:43:04.022Z", "user": 2, "content_type": 6, "object_id": "9", "object_repr": "御茶ノ水", "action_flag": 1, "change_message": "[{\"added\": {}}]"}}, {"model": "admin.logentry", "pk": 10, "fields": {"action_time": "2022-03-09T02:43:18.099Z", "user": 2, "content_type": 7, "object_id": "1", "object_repr": "ラーメン(豚骨)", "action_flag": 1, "change_message": "[{\"added\": {}}]"}}, {"model": "admin.logentry", "pk": 11, "fields": {"action_time": "2022-03-09T02:43:25.118Z", "user": 2, "content_type": 7, "object_id": "2", "object_repr": "ラーメン(家系)", "action_flag": 1, "change_message": "[{\"added\": {}}]"}}, {"model": "admin.logentry", "pk": 12, "fields": {"action_time": "2022-03-09T02:43:32.528Z", "user": 2, "content_type": 7, "object_id": "3", "object_repr": "ラーメン(その他)", "action_flag": 1, "change_message": "[{\"added\": {}}]"}}, {"model": "admin.logentry", "pk": 13, "fields": {"action_time": "2022-03-09T02:43:39.572Z", "user": 2, "content_type": 7, "object_id": "4", "object_repr": "中華料理", "action_flag": 1, "change_message": "[{\"added\": {}}]"}}, {"model": "admin.logentry", "pk": 14, "fields": {"action_time": "2022-03-09T02:43:47.340Z", "user": 2, "content_type": 7, "object_id": "5", "object_repr": "ラーメン(二郎系)", "action_flag": 1, "change_message": "[{\"added\": {}}]"}}, {"model": "admin.logentry", "pk": 15, "fields": {"action_time": "2022-03-09T02:44:05.238Z", "user": 2, "content_type": 7, "object_id": "6", "object_repr": "ハンバーガー", "action_flag": 1, "change_message": "[{\"added\": {}}]"}}, {"model": "admin.logentry", "pk": 16, "fields": {"action_time": "2022-03-09T02:44:11.792Z", "user": 2, "content_type": 7, "object_id": "7", "object_repr": "焼肉", "action_flag": 1, "change_message": "[{\"added\": {}}]"}}, {"model": "admin.logentry", "pk": 17, "fields": {"action_time": "2022-03-09T02:44:25.611Z", "user": 2, "content_type": 7, "object_id": "8", "object_repr": "まぜそば", "action_flag": 1, "change_message": "[{\"added\": {}}]"}}, {"model": "admin.logentry", "pk": 18, "fields": {"action_time": "2022-03-09T02:44:31.490Z", "user": 2, "content_type": 7, "object_id": "9", "object_repr": "イタリアン", "action_flag": 1, "change_message": "[{\"added\": {}}]"}}, {"model": "admin.logentry", "pk": 19, "fields": {"action_time": "2022-03-09T02:45:23.990Z", "user": 2, "content_type": 8, "object_id": "1", "object_repr": "バーガーキング本郷三丁目店", "action_flag": 1, "change_message": "[{\"added\": {}}, {\"added\": {\"name\": \"lunchplace-lunchgenre \\u306e\\u95a2\\u9023\", \"object\": \"LunchPlace_genre object (1)\"}}]"}}, {"model": "admin.logentry", "pk": 20, "fields": {"action_time": "2022-03-09T02:45:49.394Z", "user": 2, "content_type": 8, "object_id": "2", "object_repr": "用心棒 本郷", "action_flag": 1, "change_message": "[{\"added\": {}}, {\"added\": {\"name\": \"lunchplace-lunchgenre \\u306e\\u95a2\\u9023\", \"object\": \"LunchPlace_genre object (2)\"}}]"}}, {"model": "admin.logentry", "pk": 21, "fields": {"action_time": "2022-03-09T02:46:30.311Z", "user": 2, "content_type": 7, "object_id": "10", "object_repr": "コンビニエンスストア", "action_flag": 1, "change_message": "[{\"added\": {}}]"}}, {"model": "admin.logentry", "pk": 22, "fields": {"action_time": "2022-03-09T02:46:35.681Z", "user": 2, "content_type": 8, "object_id": "3", "object_repr": "セブンイレブン文京向丘1丁目店", "action_flag": 1, "change_message": "[{\"added\": {}}, {\"added\": {\"name\": \"lunchplace-lunchgenre \\u306e\\u95a2\\u9023\", \"object\": \"LunchPlace_genre object (3)\"}}]"}}, {"model": "admin.logentry", "pk": 23, "fields": {"action_time": "2022-03-09T02:47:10.816Z", "user": 2, "content_type": 7, "object_id": "11", "object_repr": "大学生協購買", "action_flag": 1, "change_message": "[{\"added\": {}}]"}}, {"model": "admin.logentry", "pk": 24, "fields": {"action_time": "2022-03-09T02:47:13.248Z", "user": 2, "content_type": 8, "object_id": "4", "object_repr": "東大生協農学部購買", "action_flag": 1, "change_message": "[{\"added\": {}}, {\"added\": {\"name\": \"lunchplace-lunchgenre \\u306e\\u95a2\\u9023\", \"object\": \"LunchPlace_genre object (4)\"}}]"}}, {"model": "admin.logentry", "pk": 25, "fields": {"action_time": "2022-03-09T02:47:29.193Z", "user": 2, "content_type": 7, "object_id": "12", "object_repr": "大学生協食堂", "action_flag": 1, "change_message": "[{\"added\": {}}]"}}, {"model": "admin.logentry", "pk": 26, "fields": {"action_time": "2022-03-09T02:47:30.744Z", "user": 2, "content_type": 8, "object_id": "5", "object_repr": "東大生協農学部食堂", "action_flag": 1, "change_message": "[{\"added\": {}}, {\"added\": {\"name\": \"lunchplace-lunchgenre \\u306e\\u95a2\\u9023\", \"object\": \"LunchPlace_genre object (5)\"}}]"}}, {"model": "admin.logentry", "pk": 27, "fields": {"action_time": "2022-03-09T02:48:15.710Z", "user": 2, "content_type": 7, "object_id": "13", "object_repr": "カフェ", "action_flag": 1, "change_message": "[{\"added\": {}}]"}}, {"model": "admin.logentry", "pk": 28, "fields": {"action_time": "2022-03-09T02:48:18.294Z", "user": 2, "content_type": 8, "object_id": "6", "object_repr": "カフェアグリワンオーワン", "action_flag": 1, "change_message": "[{\"added\": {}}, {\"added\": {\"name\": \"lunchplace-lunchgenre \\u306e\\u95a2\\u9023\", \"object\": \"LunchPlace_genre object (6)\"}}]"}}, {"model": "admin.logentry", "pk": 29, "fields": {"action_time": "2022-03-09T02:48:54.473Z", "user": 2, "content_type": 7, "object_id": "14", "object_repr": "レストラン", "action_flag": 1, "change_message": "[{\"added\": {}}]"}}, {"model": "admin.logentry", "pk": 30, "fields": {"action_time": "2022-03-09T02:48:57.156Z", "user": 2, "content_type": 8, "object_id": "7", "object_repr": "アブルボア(東大農学部内)", "action_flag": 1, "change_message": "[{\"added\": {}}, {\"added\": {\"name\": \"lunchplace-lunchgenre \\u306e\\u95a2\\u9023\", \"object\": \"LunchPlace_genre object (7)\"}}]"}}, {"model": "admin.logentry", "pk": 31, "fields": {"action_time": "2022-03-09T02:49:05.264Z", "user": 2, "content_type": 8, "object_id": "5", "object_repr": "東大生協農学部食堂", "action_flag": 2, "change_message": "[{\"changed\": {\"name\": \"lunchplace-lunchgenre \\u306e\\u95a2\\u9023\", \"object\": \"LunchPlace_genre object (5)\", \"fields\": [\"Lunchgenre\"]}}]"}}, {"model": "admin.logentry", "pk": 32, "fields": {"action_time": "2022-03-09T02:49:38.705Z", "user": 2, "content_type": 7, "object_id": "12", "object_repr": "大学生協食堂", "action_flag": 3, "change_message": ""}}, {"model": "admin.logentry", "pk": 33, "fields": {"action_time": "2022-03-09T02:49:43.631Z", "user": 2, "content_type": 7, "object_id": "11", "object_repr": "大学生協購買", "action_flag": 3, "change_message": ""}}, {"model": "admin.logentry", "pk": 34, "fields": {"action_time": "2022-03-09T02:49:55.135Z", "user": 2, "content_type": 8, "object_id": "4", "object_repr": "東大生協農学部購買", "action_flag": 2, "change_message": "[{\"added\": {\"name\": \"lunchplace-lunchgenre \\u306e\\u95a2\\u9023\", \"object\": \"LunchPlace_genre object (8)\"}}]"}}, {"model": "admin.logentry", "pk": 35, "fields": {"action_time": "2022-03-09T02:50:35.598Z", "user": 2, "content_type": 7, "object_id": "15", "object_repr": "インド料理店", "action_flag": 1, "change_message": "[{\"added\": {}}]"}}, {"model": "admin.logentry", "pk": 36, "fields": {"action_time": "2022-03-09T02:50:37.706Z", "user": 2, "content_type": 8, "object_id": "8", "object_repr": "ビサール", "action_flag": 1, "change_message": "[{\"added\": {}}, {\"added\": {\"name\": \"lunchplace-lunchgenre \\u306e\\u95a2\\u9023\", \"object\": \"LunchPlace_genre object (9)\"}}]"}}, {"model": "admin.logentry", "pk": 37, "fields": {"action_time": "2022-03-09T02:51:46.779Z", "user": 2, "content_type": 7, "object_id": "16", "object_repr": "その他ファストフード", "action_flag": 1, "change_message": "[{\"added\": {}}]"}}, {"model": "admin.logentry", "pk": 38, "fields": {"action_time": "2022-03-09T02:51:48.768Z", "user": 2, "content_type": 8, "object_id": "9", "object_repr": "SUBWAY 東大工学部2号館店", "action_flag": 1, "change_message": "[{\"added\": {}}, {\"added\": {\"name\": \"lunchplace-lunchgenre \\u306e\\u95a2\\u9023\", \"object\": \"LunchPlace_genre object (10)\"}}]"}}, {"model": "admin.logentry", "pk": 39, "fields": {"action_time": "2022-03-09T02:52:06.523Z", "user": 2, "content_type": 8, "object_id": "10", "object_repr": "ローソンストア100 東大工学部3号館店", "action_flag": 1, "change_message": "[{\"added\": {}}, {\"added\": {\"name\": \"lunchplace-lunchgenre \\u306e\\u95a2\\u9023\", \"object\": \"LunchPlace_genre object (11)\"}}]"}}, {"model": "admin.logentry", "pk": 40, "fields": {"action_time": "2022-03-09T02:52:27.902Z", "user": 2, "content_type": 8, "object_id": "11", "object_repr": "ローソン 東大安田講堂店", "action_flag": 1, "change_message": "[{\"added\": {}}, {\"added\": {\"name\": \"lunchplace-lunchgenre \\u306e\\u95a2\\u9023\", \"object\": \"LunchPlace_genre object (12)\"}}]"}}, {"model": "admin.logentry", "pk": 41, "fields": {"action_time": "2022-03-09T02:52:54.667Z", "user": 2, "content_type": 8, "object_id": "12", "object_repr": "ドトールコーヒー 東大安田講堂前店", "action_flag": 1, "change_message": "[{\"added\": {}}, {\"added\": {\"name\": \"lunchplace-lunchgenre \\u306e\\u95a2\\u9023\", \"object\": \"LunchPlace_genre object (13)\"}}]"}}, {"model": "admin.logentry", "pk": 42, "fields": {"action_time": "2022-03-09T02:53:11.014Z", "user": 2, "content_type": 8, "object_id": "13", "object_repr": "東京大学中央食堂", "action_flag": 1, "change_message": "[{\"added\": {}}, {\"added\": {\"name\": \"lunchplace-lunchgenre \\u306e\\u95a2\\u9023\", \"object\": \"LunchPlace_genre object (14)\"}}]"}}, {"model": "admin.logentry", "pk": 43, "fields": {"action_time": "2022-03-09T02:53:34.411Z", "user": 2, "content_type": 8, "object_id": "14", "object_repr": "東大生協 第二購買", "action_flag": 1, "change_message": "[{\"added\": {}}, {\"added\": {\"name\": \"lunchplace-lunchgenre \\u306e\\u95a2\\u9023\", \"object\": \"LunchPlace_genre object (15)\"}}]"}}, {"model": "admin.logentry", "pk": 44, "fields": {"action_time": "2022-03-09T02:53:56.353Z", "user": 2, "content_type": 8, "object_id": "15", "object_repr": "ネオポンテTOKYO", "action_flag": 1, "change_message": "[{\"added\": {}}, {\"added\": {\"name\": \"lunchplace-lunchgenre \\u306e\\u95a2\\u9023\", \"object\": \"LunchPlace_genre object (16)\"}}]"}}, {"model": "admin.logentry", "pk": 45, "fields": {"action_time": "2022-03-09T02:54:13.224Z", "user": 2, "content_type": 8, "object_id": "16", "object_repr": "東大生協 第二食堂", "action_flag": 1, "change_message": "[{\"added\": {}}, {\"added\": {\"name\": \"lunchplace-lunchgenre \\u306e\\u95a2\\u9023\", \"object\": \"LunchPlace_genre object (17)\"}}]"}}, {"model": "admin.logentry", "pk": 46, "fields": {"action_time": "2022-03-09T02:54:31.111Z", "user": 2, "content_type": 8, "object_id": "17", "object_repr": "東大生協 第一購買", "action_flag": 1, "change_message": "[{\"added\": {}}, {\"added\": {\"name\": \"lunchplace-lunchgenre \\u306e\\u95a2\\u9023\", \"object\": \"LunchPlace_genre object (18)\"}}]"}}, {"model": "admin.logentry", "pk": 47, "fields": {"action_time": "2022-03-09T02:54:55.212Z", "user": 2, "content_type": 8, "object_id": "18", "object_repr": "スターバックスコーヒー 東大工学部店", "action_flag": 1, "change_message": "[{\"added\": {}}, {\"added\": {\"name\": \"lunchplace-lunchgenre \\u306e\\u95a2\\u9023\", \"object\": \"LunchPlace_genre object (19)\"}}]"}}, {"model": "admin.logentry", "pk": 48, "fields": {"action_time": "2022-03-09T02:55:22.412Z", "user": 2, "content_type": 7, "object_id": "17", "object_repr": "和食", "action_flag": 1, "change_message": "[{\"added\": {}}]"}}, {"model": "admin.logentry", "pk": 49, "fields": {"action_time": "2022-03-09T02:55:24.214Z", "user": 2, "content_type": 8, "object_id": "19", "object_repr": "北海道の米と汁U-gohan 東大正門", "action_flag": 1, "change_message": "[{\"added\": {}}, {\"added\": {\"name\": \"lunchplace-lunchgenre \\u306e\\u95a2\\u9023\", \"object\": \"LunchPlace_genre object (20)\"}}]"}}, {"model": "admin.logentry", "pk": 50, "fields": {"action_time": "2022-03-09T02:55:39.858Z", "user": 2, "content_type": 8, "object_id": "20", "object_repr": "SUPER PIZZA", "action_flag": 1, "change_message": "[{\"added\": {}}, {\"added\": {\"name\": \"lunchplace-lunchgenre \\u306e\\u95a2\\u9023\", \"object\": \"LunchPlace_genre object (21)\"}}]"}}, {"model": "admin.logentry", "pk": 51, "fields": {"action_time": "2022-03-09T02:56:06.426Z", "user": 2, "content_type": 8, "object_id": "21", "object_repr": "ファミリーマート 東大正門前店", "action_flag": 1, "change_message": "[{\"added\": {}}, {\"added\": {\"name\": \"lunchplace-lunchgenre \\u306e\\u95a2\\u9023\", \"object\": \"LunchPlace_genre object (22)\"}}]"}}, {"model": "admin.logentry", "pk": 52, "fields": {"action_time": "2022-03-09T02:56:27.954Z", "user": 2, "content_type": 8, "object_id": "22", "object_repr": "美味しい屋", "action_flag": 1, "change_message": "[{\"added\": {}}, {\"added\": {\"name\": \"lunchplace-lunchgenre \\u306e\\u95a2\\u9023\", \"object\": \"LunchPlace_genre object (23)\"}}]"}}, {"model": "admin.logentry", "pk": 53, "fields": {"action_time": "2022-03-09T02:56:48.369Z", "user": 2, "content_type": 8, "object_id": "23", "object_repr": "吉田とん汁店", "action_flag": 1, "change_message": "[{\"added\": {}}, {\"added\": {\"name\": \"lunchplace-lunchgenre \\u306e\\u95a2\\u9023\", \"object\": \"LunchPlace_genre object (24)\"}}]"}}, {"model": "admin.logentry", "pk": 54, "fields": {"action_time": "2022-03-09T02:57:10.191Z", "user": 2, "content_type": 8, "object_id": "24", "object_repr": "喫茶ルオー", "action_flag": 1, "change_message": "[{\"added\": {}}, {\"added\": {\"name\": \"lunchplace-lunchgenre \\u306e\\u95a2\\u9023\", \"object\": \"LunchPlace_genre object (25)\"}}]"}}, {"model": "admin.logentry", "pk": 55, "fields": {"action_time": "2022-03-09T02:57:35.338Z", "user": 2, "content_type": 8, "object_id": "25", "object_repr": "ローソンストア100 本郷郵便局店", "action_flag": 1, "change_message": "[{\"added\": {}}, {\"added\": {\"name\": \"lunchplace-lunchgenre \\u306e\\u95a2\\u9023\", \"object\": \"LunchPlace_genre object (26)\"}}]"}}, {"model": "admin.logentry", "pk": 56, "fields": {"action_time": "2022-03-09T02:57:52.351Z", "user": 2, "content_type": 8, "object_id": "26", "object_repr": "赤門餃子軒", "action_flag": 1, "change_message": "[{\"added\": {}}, {\"added\": {\"name\": \"lunchplace-lunchgenre \\u306e\\u95a2\\u9023\", \"object\": \"LunchPlace_genre object (27)\"}}]"}}, {"model": "admin.logentry", "pk": 57, "fields": {"action_time": "2022-03-09T02:58:21.348Z", "user": 2, "content_type": 8, "object_id": "27", "object_repr": "一番餃子", "action_flag": 1, "change_message": "[{\"added\": {}}, {\"added\": {\"name\": \"lunchplace-lunchgenre \\u306e\\u95a2\\u9023\", \"object\": \"LunchPlace_genre object (28)\"}}]"}}, {"model": "admin.logentry", "pk": 58, "fields": {"action_time": "2022-03-09T02:58:36.933Z", "user": 2, "content_type": 7, "object_id": "18", "object_repr": "そば", "action_flag": 1, "change_message": "[{\"added\": {}}]"}}, {"model": "admin.logentry", "pk": 59, "fields": {"action_time": "2022-03-09T02:58:39.086Z", "user": 2, "content_type": 8, "object_id": "28", "object_repr": "赤門そば", "action_flag": 1, "change_message": "[{\"added\": {}}, {\"added\": {\"name\": \"lunchplace-lunchgenre \\u306e\\u95a2\\u9023\", \"object\": \"LunchPlace_genre object (29)\"}}]"}}, {"model": "admin.logentry", "pk": 60, "fields": {"action_time": "2022-03-09T02:58:53.364Z", "user": 2, "content_type": 8, "object_id": "29", "object_repr": "ダージリン本郷店", "action_flag": 1, "change_message": "[{\"added\": {}}, {\"added\": {\"name\": \"lunchplace-lunchgenre \\u306e\\u95a2\\u9023\", \"object\": \"LunchPlace_genre object (30)\"}}]"}}, {"model": "admin.logentry", "pk": 61, "fields": {"action_time": "2022-03-09T02:59:33.349Z", "user": 2, "content_type": 7, "object_id": "19", "object_repr": "海鮮丼", "action_flag": 1, "change_message": "[{\"added\": {}}]"}}, {"model": "admin.logentry", "pk": 62, "fields": {"action_time": "2022-03-09T02:59:35.388Z", "user": 2, "content_type": 8, "object_id": "30", "object_repr": "海鮮どんぶり銀八丼", "action_flag": 1, "change_message": "[{\"added\": {}}, {\"added\": {\"name\": \"lunchplace-lunchgenre \\u306e\\u95a2\\u9023\", \"object\": \"LunchPlace_genre object (31)\"}}]"}}, {"model": "admin.logentry", "pk": 63, "fields": {"action_time": "2022-03-09T02:59:54.453Z", "user": 2, "content_type": 7, "object_id": "20", "object_repr": "タイ料理", "action_flag": 1, "change_message": "[{\"added\": {}}]"}}, {"model": "admin.logentry", "pk": 64, "fields": {"action_time": "2022-03-09T02:59:55.826Z", "user": 2, "content_type": 8, "object_id": "31", "object_repr": "タイ屋台食堂Thai Food", "action_flag": 1, "change_message": "[{\"added\": {}}, {\"added\": {\"name\": \"lunchplace-lunchgenre \\u306e\\u95a2\\u9023\", \"object\": \"LunchPlace_genre object (32)\"}}]"}}, {"model": "admin.logentry", "pk": 65, "fields": {"action_time": "2022-03-09T03:00:23.175Z", "user": 2, "content_type": 8, "object_id": "32", "object_repr": "家家家 本郷店", "action_flag": 1, "change_message": "[{\"added\": {}}, {\"added\": {\"name\": \"lunchplace-lunchgenre \\u306e\\u95a2\\u9023\", \"object\": \"LunchPlace_genre object (33)\"}}]"}}, {"model": "admin.logentry", "pk": 66, "fields": {"action_time": "2022-03-09T03:00:34.666Z", "user": 2, "content_type": 8, "object_id": "33", "object_repr": "IZASA", "action_flag": 1, "change_message": "[{\"added\": {}}, {\"added\": {\"name\": \"lunchplace-lunchgenre \\u306e\\u95a2\\u9023\", \"object\": \"LunchPlace_genre object (34)\"}}]"}}, {"model": "admin.logentry", "pk": 67, "fields": {"action_time": "2022-03-09T03:00:47.516Z", "user": 2, "content_type": 8, "object_id": "34", "object_repr": "らーめん一信", "action_flag": 1, "change_message": "[{\"added\": {}}, {\"added\": {\"name\": \"lunchplace-lunchgenre \\u306e\\u95a2\\u9023\", \"object\": \"LunchPlace_genre object (35)\"}}]"}}, {"model": "admin.logentry", "pk": 68, "fields": {"action_time": "2022-03-09T03:01:23.721Z", "user": 2, "content_type": 7, "object_id": "21", "object_repr": "焼き鳥", "action_flag": 1, "change_message": "[{\"added\": {}}]"}}, {"model": "admin.logentry", "pk": 69, "fields": {"action_time": "2022-03-09T03:01:25.479Z", "user": 2, "content_type": 8, "object_id": "35", "object_repr": "焼き鳥ラッキー本郷三丁目店", "action_flag": 1, "change_message": "[{\"added\": {}}, {\"added\": {\"name\": \"lunchplace-lunchgenre \\u306e\\u95a2\\u9023\", \"object\": \"LunchPlace_genre object (36)\"}}]"}}, {"model": "admin.logentry", "pk": 70, "fields": {"action_time": "2022-03-09T03:01:52.347Z", "user": 2, "content_type": 8, "object_id": "36", "object_repr": "本格らぁめん末廣 本郷店", "action_flag": 1, "change_message": "[{\"added\": {}}, {\"added\": {\"name\": \"lunchplace-lunchgenre \\u306e\\u95a2\\u9023\", \"object\": \"LunchPlace_genre object (37)\"}}]"}}, {"model": "admin.logentry", "pk": 71, "fields": {"action_time": "2022-03-09T03:02:08.607Z", "user": 2, "content_type": 8, "object_id": "37", "object_repr": "日高屋 本郷三丁目店", "action_flag": 1, "change_message": "[{\"added\": {}}, {\"added\": {\"name\": \"lunchplace-lunchgenre \\u306e\\u95a2\\u9023\", \"object\": \"LunchPlace_genre object (38)\"}}]"}}, {"model": "admin.logentry", "pk": 72, "fields": {"action_time": "2022-03-09T03:02:27.454Z", "user": 2, "content_type": 8, "object_id": "38", "object_repr": "洋食屋せんごく 本郷店", "action_flag": 1, "change_message": "[{\"added\": {}}, {\"added\": {\"name\": \"lunchplace-lunchgenre \\u306e\\u95a2\\u9023\", \"object\": \"LunchPlace_genre object (39)\"}}]"}}, {"model": "admin.logentry", "pk": 73, "fields": {"action_time": "2022-03-09T03:03:01.009Z", "user": 2, "content_type": 8, "object_id": "39", "object_repr": "MEGURO 東京本郷三丁目店", "action_flag": 1, "change_message": "[{\"added\": {}}, {\"added\": {\"name\": \"lunchplace-lunchgenre \\u306e\\u95a2\\u9023\", \"object\": \"LunchPlace_genre object (40)\"}}]"}}, {"model": "admin.logentry", "pk": 74, "fields": {"action_time": "2022-03-09T03:03:06.616Z", "user": 2, "content_type": 7, "object_id": "19", "object_repr": "海鮮", "action_flag": 2, "change_message": "[{\"changed\": {\"fields\": [\"\\u30b8\\u30e3\\u30f3\\u30eb\\u540d\\u79f0\"]}}]"}}, {"model": "admin.logentry", "pk": 75, "fields": {"action_time": "2022-03-09T03:03:34.783Z", "user": 2, "content_type": 8, "object_id": "40", "object_repr": "インドカレーナマステ 本郷三丁目店", "action_flag": 1, "change_message": "[{\"added\": {}}, {\"added\": {\"name\": \"lunchplace-lunchgenre \\u306e\\u95a2\\u9023\", \"object\": \"LunchPlace_genre object (41)\"}}]"}}, {"model": "admin.logentry", "pk": 76, "fields": {"action_time": "2022-03-09T03:03:44.855Z", "user": 2, "content_type": 8, "object_id": "41", "object_repr": "モスバーガー", "action_flag": 1, "change_message": "[{\"added\": {}}, {\"added\": {\"name\": \"lunchplace-lunchgenre \\u306e\\u95a2\\u9023\", \"object\": \"LunchPlace_genre object (42)\"}}]"}}, {"model": "admin.logentry", "pk": 77, "fields": {"action_time": "2022-03-09T03:04:00.807Z", "user": 2, "content_type": 8, "object_id": "42", "object_repr": "バーガーキング 本郷三丁目店", "action_flag": 1, "change_message": "[{\"added\": {}}, {\"added\": {\"name\": \"lunchplace-lunchgenre \\u306e\\u95a2\\u9023\", \"object\": \"LunchPlace_genre object (43)\"}}]"}}, {"model": "admin.logentry", "pk": 78, "fields": {"action_time": "2022-03-09T03:04:17.936Z", "user": 2, "content_type": 7, "object_id": "22", "object_repr": "居酒屋", "action_flag": 1, "change_message": "[{\"added\": {}}]"}}, {"model": "admin.logentry", "pk": 79, "fields": {"action_time": "2022-03-09T03:04:19.495Z", "user": 2, "content_type": 8, "object_id": "43", "object_repr": "加賀屋 本郷店", "action_flag": 1, "change_message": "[{\"added\": {}}, {\"added\": {\"name\": \"lunchplace-lunchgenre \\u306e\\u95a2\\u9023\", \"object\": \"LunchPlace_genre object (44)\"}}]"}}, {"model": "admin.logentry", "pk": 80, "fields": {"action_time": "2022-03-09T03:04:34.343Z", "user": 2, "content_type": 8, "object_id": "44", "object_repr": "テング酒場 本郷三丁目店", "action_flag": 1, "change_message": "[{\"added\": {}}, {\"added\": {\"name\": \"lunchplace-lunchgenre \\u306e\\u95a2\\u9023\", \"object\": \"LunchPlace_genre object (45)\"}}]"}}, {"model": "admin.logentry", "pk": 81, "fields": {"action_time": "2022-03-09T03:04:53.526Z", "user": 2, "content_type": 8, "object_id": "45", "object_repr": "サンマルクカフェ 本郷三丁目メトロピア店", "action_flag": 1, "change_message": "[{\"added\": {}}, {\"added\": {\"name\": \"lunchplace-lunchgenre \\u306e\\u95a2\\u9023\", \"object\": \"LunchPlace_genre object (46)\"}}]"}}, {"model": "admin.logentry", "pk": 82, "fields": {"action_time": "2022-03-09T03:05:16.171Z", "user": 2, "content_type": 8, "object_id": "46", "object_repr": "がブリチキン。 本郷店", "action_flag": 1, "change_message": "[{\"added\": {}}, {\"added\": {\"name\": \"lunchplace-lunchgenre \\u306e\\u95a2\\u9023\", \"object\": \"LunchPlace_genre object (47)\"}}]"}}, {"model": "admin.logentry", "pk": 83, "fields": {"action_time": "2022-03-09T03:06:02.839Z", "user": 2, "content_type": 8, "object_id": "47", "object_repr": "ファミリーマート 本郷三丁目店", "action_flag": 1, "change_message": "[{\"added\": {}}, {\"added\": {\"name\": \"lunchplace-lunchgenre \\u306e\\u95a2\\u9023\", \"object\": \"LunchPlace_genre object (48)\"}}]"}}, {"model": "admin.logentry", "pk": 84, "fields": {"action_time": "2022-03-09T03:06:37.514Z", "user": 2, "content_type": 8, "object_id": "48", "object_repr": "我流坦々麺竹子 本郷店", "action_flag": 1, "change_message": "[{\"added\": {}}, {\"added\": {\"name\": \"lunchplace-lunchgenre \\u306e\\u95a2\\u9023\", \"object\": \"LunchPlace_genre object (49)\"}}]"}}, {"model": "admin.logentry", "pk": 85, "fields": {"action_time": "2022-03-09T03:06:54.781Z", "user": 2, "content_type": 7, "object_id": "8", "object_repr": "まぜそば・油そば", "action_flag": 2, "change_message": "[{\"changed\": {\"fields\": [\"\\u30b8\\u30e3\\u30f3\\u30eb\\u540d\\u79f0\"]}}]"}}, {"model": "admin.logentry", "pk": 86, "fields": {"action_time": "2022-03-09T03:07:27.651Z", "user": 2, "content_type": 8, "object_id": "49", "object_repr": "麺やねむ瑠", "action_flag": 1, "change_message": "[{\"added\": {}}, {\"added\": {\"name\": \"lunchplace-lunchgenre \\u306e\\u95a2\\u9023\", \"object\": \"LunchPlace_genre object (50)\"}}]"}}, {"model": "admin.logentry", "pk": 87, "fields": {"action_time": "2022-03-09T03:08:07.818Z", "user": 2, "content_type": 7, "object_id": "23", "object_repr": "カレー", "action_flag": 1, "change_message": "[{\"added\": {}}]"}}, {"model": "admin.logentry", "pk": 88, "fields": {"action_time": "2022-03-09T03:08:09.664Z", "user": 2, "content_type": 8, "object_id": "50", "object_repr": "カレーハウスCoCO壱番屋 本郷三丁目駅前店", "action_flag": 1, "change_message": "[{\"added\": {}}, {\"added\": {\"name\": \"lunchplace-lunchgenre \\u306e\\u95a2\\u9023\", \"object\": \"LunchPlace_genre object (51)\"}}]"}}, {"model": "admin.logentry", "pk": 89, "fields": {"action_time": "2022-03-09T03:08:32.868Z", "user": 2, "content_type": 7, "object_id": "24", "object_repr": "丼もの", "action_flag": 1, "change_message": "[{\"added\": {}}]"}}, {"model": "admin.logentry", "pk": 90, "fields": {"action_time": "2022-03-09T03:08:35.086Z", "user": 2, "content_type": 8, "object_id": "51", "object_repr": "なか卯 本郷三丁目店", "action_flag": 1, "change_message": "[{\"added\": {}}, {\"added\": {\"name\": \"lunchplace-lunchgenre \\u306e\\u95a2\\u9023\", \"object\": \"LunchPlace_genre object (52)\"}}]"}}, {"model": "admin.logentry", "pk": 91, "fields": {"action_time": "2022-03-09T03:11:18.380Z", "user": 2, "content_type": 8, "object_id": "8", "object_repr": "ビサール", "action_flag": 2, "change_message": "[{\"added\": {\"name\": \"lunchplace-lunchgenre \\u306e\\u95a2\\u9023\", \"object\": \"LunchPlace_genre object (53)\"}}]"}}, {"model": "admin.logentry", "pk": 92, "fields": {"action_time": "2022-03-09T03:11:23.075Z", "user": 2, "content_type": 8, "object_id": "29", "object_repr": "ダージリン本郷店", "action_flag": 2, "change_message": "[{\"added\": {\"name\": \"lunchplace-lunchgenre \\u306e\\u95a2\\u9023\", \"object\": \"LunchPlace_genre object (54)\"}}]"}}, {"model": "admin.logentry", "pk": 93, "fields": {"action_time": "2022-03-09T03:11:28.077Z", "user": 2, "content_type": 8, "object_id": "40", "object_repr": "インドカレーナマステ 本郷三丁目店", "action_flag": 2, "change_message": "[{\"added\": {\"name\": \"lunchplace-lunchgenre \\u306e\\u95a2\\u9023\", \"object\": \"LunchPlace_genre object (55)\"}}]"}}, {"model": "admin.logentry", "pk": 94, "fields": {"action_time": "2022-03-09T07:47:45.116Z", "user": 2, "content_type": 8, "object_id": "1", "object_repr": "バーガーキング本郷三丁目店", "action_flag": 3, "change_message": ""}}, {"model": "admin.logentry", "pk": 95, "fields": {"action_time": "2022-06-04T04:15:32.352Z", "user": 2, "content_type": 8, "object_id": "2", "object_repr": "用心棒 本郷", "action_flag": 2, "change_message": "[{\"changed\": {\"fields\": [\"\\u5e97\\u5185\\u98f2\\u98df\"]}}]"}}, {"model": "admin.logentry", "pk": 96, "fields": {"action_time": "2022-06-04T04:15:45.783Z", "user": 2, "content_type": 8, "object_id": "3", "object_repr": "セブンイレブン文京向丘1丁目店", "action_flag": 2, "change_message": "[{\"changed\": {\"fields\": [\"\\u6301\\u3061\\u5e30\\u308a\"]}}]"}}, {"model": "admin.logentry", "pk": 97, "fields": {"action_time": "2022-06-04T04:15:50.884Z", "user": 2, "content_type": 8, "object_id": "4", "object_repr": "東大生協農学部購買", "action_flag": 2, "change_message": "[{\"changed\": {\"fields\": [\"\\u6301\\u3061\\u5e30\\u308a\"]}}]"}}, {"model": "admin.logentry", "pk": 98, "fields": {"action_time": "2022-06-04T04:15:56.388Z", "user": 2, "content_type": 8, "object_id": "5", "object_repr": "東大生協農学部食堂", "action_flag": 2, "change_message": "[{\"changed\": {\"fields\": [\"\\u5e97\\u5185\\u98f2\\u98df\"]}}]"}}, {"model": "admin.logentry", "pk": 99, "fields": {"action_time": "2022-06-04T04:16:03.433Z", "user": 2, "content_type": 8, "object_id": "6", "object_repr": "カフェアグリワンオーワン", "action_flag": 2, "change_message": "[{\"changed\": {\"fields\": [\"\\u5e97\\u5185\\u98f2\\u98df\", \"\\u6301\\u3061\\u5e30\\u308a\"]}}]"}}, {"model": "admin.logentry", "pk": 100, "fields": {"action_time": "2022-06-04T04:16:14.190Z", "user": 2, "content_type": 8, "object_id": "7", "object_repr": "アブルボア(東大農学部内)", "action_flag": 2, "change_message": "[{\"changed\": {\"fields\": [\"\\u5e97\\u5185\\u98f2\\u98df\", \"\\u6301\\u3061\\u5e30\\u308a\"]}}]"}}, {"model": "admin.logentry", "pk": 101, "fields": {"action_time": "2022-06-04T04:16:23.293Z", "user": 2, "content_type": 8, "object_id": "8", "object_repr": "ビサール", "action_flag": 2, "change_message": "[{\"changed\": {\"fields\": [\"\\u5e97\\u5185\\u98f2\\u98df\", \"\\u6301\\u3061\\u5e30\\u308a\"]}}]"}}, {"model": "admin.logentry", "pk": 102, "fields": {"action_time": "2022-06-04T04:16:30.992Z", "user": 2, "content_type": 8, "object_id": "9", "object_repr": "SUBWAY 東大工学部2号館店", "action_flag": 2, "change_message": "[{\"changed\": {\"fields\": [\"\\u5e97\\u5185\\u98f2\\u98df\", \"\\u6301\\u3061\\u5e30\\u308a\"]}}]"}}, {"model": "admin.logentry", "pk": 103, "fields": {"action_time": "2022-06-04T04:16:36.217Z", "user": 2, "content_type": 8, "object_id": "10", "object_repr": "ローソンストア100 東大工学部3号館店", "action_flag": 2, "change_message": "[{\"changed\": {\"fields\": [\"\\u6301\\u3061\\u5e30\\u308a\"]}}]"}}, {"model": "admin.logentry", "pk": 104, "fields": {"action_time": "2022-06-04T04:16:43.584Z", "user": 2, "content_type": 8, "object_id": "11", "object_repr": "ローソン 東大安田講堂店", "action_flag": 2, "change_message": "[{\"changed\": {\"fields\": [\"\\u6301\\u3061\\u5e30\\u308a\"]}}]"}}, {"model": "admin.logentry", "pk": 105, "fields": {"action_time": "2022-06-04T04:16:55.515Z", "user": 2, "content_type": 8, "object_id": "12", "object_repr": "ドトールコーヒー 東大安田講堂前店", "action_flag": 2, "change_message": "[{\"changed\": {\"fields\": [\"\\u5e97\\u5185\\u98f2\\u98df\"]}}]"}}, {"model": "admin.logentry", "pk": 106, "fields": {"action_time": "2022-06-04T04:17:00.535Z", "user": 2, "content_type": 8, "object_id": "13", "object_repr": "東京大学中央食堂", "action_flag": 2, "change_message": "[{\"changed\": {\"fields\": [\"\\u5e97\\u5185\\u98f2\\u98df\"]}}]"}}, {"model": "admin.logentry", "pk": 107, "fields": {"action_time": "2022-06-04T04:17:24.947Z", "user": 2, "content_type": 8, "object_id": "14", "object_repr": "東大生協 第二購買", "action_flag": 2, "change_message": "[{\"changed\": {\"fields\": [\"\\u6301\\u3061\\u5e30\\u308a\"]}}]"}}, {"model": "admin.logentry", "pk": 108, "fields": {"action_time": "2022-06-04T04:18:18.994Z", "user": 2, "content_type": 8, "object_id": "15", "object_repr": "ネオポンテTOKYO", "action_flag": 2, "change_message": "[{\"changed\": {\"fields\": [\"\\u6301\\u3061\\u5e30\\u308a\"]}}]"}}, {"model": "admin.logentry", "pk": 109, "fields": {"action_time": "2022-06-04T04:18:35.254Z", "user": 2, "content_type": 8, "object_id": "17", "object_repr": "東大生協 第一購買", "action_flag": 2, "change_message": "[{\"changed\": {\"fields\": [\"\\u6301\\u3061\\u5e30\\u308a\"]}}]"}}, {"model": "admin.logentry", "pk": 110, "fields": {"action_time": "2022-06-04T04:18:40.166Z", "user": 2, "content_type": 8, "object_id": "16", "object_repr": "東大生協 第二食堂", "action_flag": 2, "change_message": "[{\"changed\": {\"fields\": [\"\\u5e97\\u5185\\u98f2\\u98df\"]}}]"}}, {"model": "admin.logentry", "pk": 111, "fields": {"action_time": "2022-06-04T04:18:45.926Z", "user": 2, "content_type": 8, "object_id": "20", "object_repr": "SUPER PIZZA", "action_flag": 2, "change_message": "[{\"changed\": {\"fields\": [\"\\u5e97\\u5185\\u98f2\\u98df\", \"\\u6301\\u3061\\u5e30\\u308a\"]}}]"}}, {"model": "admin.logentry", "pk": 112, "fields": {"action_time": "2022-06-04T04:18:53.963Z", "user": 2, "content_type": 8, "object_id": "18", "object_repr": "スターバックスコーヒー 東大工学部店", "action_flag": 2, "change_message": "[{\"changed\": {\"fields\": [\"\\u5e97\\u5185\\u98f2\\u98df\", \"\\u6301\\u3061\\u5e30\\u308a\"]}}]"}}, {"model": "admin.logentry", "pk": 113, "fields": {"action_time": "2022-06-04T04:19:01.137Z", "user": 2, "content_type": 8, "object_id": "19", "object_repr": "北海道の米と汁U-gohan 東大正門", "action_flag": 2, "change_message": "[{\"changed\": {\"fields\": [\"\\u5e97\\u5185\\u98f2\\u98df\"]}}]"}}, {"model": "admin.logentry", "pk": 114, "fields": {"action_time": "2022-06-04T04:19:09.449Z", "user": 2, "content_type": 8, "object_id": "27", "object_repr": "一番餃子", "action_flag": 2, "change_message": "[{\"changed\": {\"fields\": [\"\\u5e97\\u5185\\u98f2\\u98df\", \"\\u6301\\u3061\\u5e30\\u308a\"]}}]"}}, {"model": "admin.logentry", "pk": 115, "fields": {"action_time": "2022-06-04T04:19:18.958Z", "user": 2, "content_type": 8, "object_id": "21", "object_repr": "ファミリーマート 東大正門前店", "action_flag": 2, "change_message": "[{\"changed\": {\"fields\": [\"\\u6301\\u3061\\u5e30\\u308a\"]}}]"}}, {"model": "admin.logentry", "pk": 116, "fields": {"action_time": "2022-06-04T04:19:24.891Z", "user": 2, "content_type": 8, "object_id": "22", "object_repr": "美味しい屋", "action_flag": 2, "change_message": "[{\"changed\": {\"fields\": [\"\\u5e97\\u5185\\u98f2\\u98df\", \"\\u6301\\u3061\\u5e30\\u308a\"]}}]"}}, {"model": "admin.logentry", "pk": 117, "fields": {"action_time": "2022-06-04T04:19:31.071Z", "user": 2, "content_type": 8, "object_id": "23", "object_repr": "吉田とん汁店", "action_flag": 2, "change_message": "[{\"changed\": {\"fields\": [\"\\u5e97\\u5185\\u98f2\\u98df\", \"\\u6301\\u3061\\u5e30\\u308a\"]}}]"}}, {"model": "admin.logentry", "pk": 118, "fields": {"action_time": "2022-06-04T04:19:37.977Z", "user": 2, "content_type": 8, "object_id": "24", "object_repr": "喫茶ルオー", "action_flag": 2, "change_message": "[{\"changed\": {\"fields\": [\"\\u5e97\\u5185\\u98f2\\u98df\"]}}]"}}, {"model": "admin.logentry", "pk": 119, "fields": {"action_time": "2022-06-04T04:19:44.625Z", "user": 2, "content_type": 8, "object_id": "25", "object_repr": "ローソンストア100 本郷郵便局店", "action_flag": 2, "change_message": "[{\"changed\": {\"fields\": [\"\\u6301\\u3061\\u5e30\\u308a\"]}}]"}}, {"model": "admin.logentry", "pk": 120, "fields": {"action_time": "2022-06-04T04:19:50.784Z", "user": 2, "content_type": 8, "object_id": "26", "object_repr": "赤門餃子軒", "action_flag": 2, "change_message": "[{\"changed\": {\"fields\": [\"\\u5e97\\u5185\\u98f2\\u98df\"]}}]"}}, {"model": "admin.logentry", "pk": 121, "fields": {"action_time": "2022-06-04T04:19:57.829Z", "user": 2, "content_type": 8, "object_id": "28", "object_repr": "赤門そば", "action_flag": 2, "change_message": "[{\"changed\": {\"fields\": [\"\\u5e97\\u5185\\u98f2\\u98df\"]}}]"}}, {"model": "admin.logentry", "pk": 122, "fields": {"action_time": "2022-06-04T04:20:06.357Z", "user": 2, "content_type": 8, "object_id": "29", "object_repr": "ダージリン本郷店", "action_flag": 2, "change_message": "[{\"changed\": {\"fields\": [\"\\u5e97\\u5185\\u98f2\\u98df\", \"\\u6301\\u3061\\u5e30\\u308a\"]}}]"}}, {"model": "admin.logentry", "pk": 123, "fields": {"action_time": "2022-06-04T04:20:57.172Z", "user": 2, "content_type": 8, "object_id": "30", "object_repr": "海鮮どんぶり銀八丼", "action_flag": 2, "change_message": "[{\"changed\": {\"fields\": [\"\\u5e97\\u5185\\u98f2\\u98df\", \"\\u6301\\u3061\\u5e30\\u308a\"]}}]"}}, {"model": "admin.logentry", "pk": 124, "fields": {"action_time": "2022-06-04T04:20:57.545Z", "user": 2, "content_type": 8, "object_id": "30", "object_repr": "海鮮どんぶり銀八丼", "action_flag": 2, "change_message": "[]"}}, {"model": "admin.logentry", "pk": 125, "fields": {"action_time": "2022-06-04T04:21:05.259Z", "user": 2, "content_type": 8, "object_id": "31", "object_repr": "タイ屋台食堂Thai Food", "action_flag": 2, "change_message": "[{\"changed\": {\"fields\": [\"\\u5e97\\u5185\\u98f2\\u98df\", \"\\u6301\\u3061\\u5e30\\u308a\"]}}]"}}, {"model": "admin.logentry", "pk": 126, "fields": {"action_time": "2022-06-04T04:21:10.634Z", "user": 2, "content_type": 8, "object_id": "32", "object_repr": "家家家 本郷店", "action_flag": 2, "change_message": "[{\"changed\": {\"fields\": [\"\\u5e97\\u5185\\u98f2\\u98df\"]}}]"}}, {"model": "admin.logentry", "pk": 127, "fields": {"action_time": "2022-06-04T04:21:16.121Z", "user": 2, "content_type": 8, "object_id": "33", "object_repr": "IZASA", "action_flag": 2, "change_message": "[{\"changed\": {\"fields\": [\"\\u5e97\\u5185\\u98f2\\u98df\"]}}]"}}, {"model": "admin.logentry", "pk": 128, "fields": {"action_time": "2022-06-04T04:21:21.966Z", "user": 2, "content_type": 8, "object_id": "34", "object_repr": "らーめん一信", "action_flag": 2, "change_message": "[{\"changed\": {\"fields\": [\"\\u5e97\\u5185\\u98f2\\u98df\"]}}]"}}, {"model": "admin.logentry", "pk": 129, "fields": {"action_time": "2022-06-04T04:21:28.704Z", "user": 2, "content_type": 8, "object_id": "35", "object_repr": "焼き鳥ラッキー本郷三丁目店", "action_flag": 2, "change_message": "[{\"changed\": {\"fields\": [\"\\u6301\\u3061\\u5e30\\u308a\"]}}]"}}, {"model": "admin.logentry", "pk": 130, "fields": {"action_time": "2022-06-04T04:21:36.823Z", "user": 2, "content_type": 8, "object_id": "36", "object_repr": "本格らぁめん末廣 本郷店", "action_flag": 2, "change_message": "[{\"changed\": {\"fields\": [\"\\u5e97\\u5185\\u98f2\\u98df\"]}}]"}}, {"model": "admin.logentry", "pk": 131, "fields": {"action_time": "2022-06-04T04:21:45.596Z", "user": 2, "content_type": 8, "object_id": "37", "object_repr": "日高屋 本郷三丁目店", "action_flag": 2, "change_message": "[{\"changed\": {\"fields\": [\"\\u5e97\\u5185\\u98f2\\u98df\", \"\\u6301\\u3061\\u5e30\\u308a\"]}}]"}}, {"model": "admin.logentry", "pk": 132, "fields": {"action_time": "2022-06-04T04:21:51.599Z", "user": 2, "content_type": 8, "object_id": "38", "object_repr": "洋食屋せんごく 本郷店", "action_flag": 2, "change_message": "[{\"changed\": {\"fields\": [\"\\u5e97\\u5185\\u98f2\\u98df\"]}}]"}}, {"model": "admin.logentry", "pk": 133, "fields": {"action_time": "2022-06-04T04:21:58.599Z", "user": 2, "content_type": 8, "object_id": "39", "object_repr": "MEGURO 東京本郷三丁目店", "action_flag": 2, "change_message": "[{\"changed\": {\"fields\": [\"\\u5e97\\u5185\\u98f2\\u98df\"]}}]"}}, {"model": "admin.logentry", "pk": 134, "fields": {"action_time": "2022-06-04T04:22:06.252Z", "user": 2, "content_type": 8, "object_id": "40", "object_repr": "インドカレーナマステ 本郷三丁目店", "action_flag": 2, "change_message": "[{\"changed\": {\"fields\": [\"\\u5e97\\u5185\\u98f2\\u98df\", \"\\u6301\\u3061\\u5e30\\u308a\"]}}]"}}, {"model": "admin.logentry", "pk": 135, "fields": {"action_time": "2022-06-04T04:22:13.159Z", "user": 2, "content_type": 8, "object_id": "42", "object_repr": "バーガーキング 本郷三丁目店", "action_flag": 2, "change_message": "[{\"changed\": {\"fields\": [\"\\u5e97\\u5185\\u98f2\\u98df\", \"\\u6301\\u3061\\u5e30\\u308a\"]}}]"}}, {"model": "admin.logentry", "pk": 136, "fields": {"action_time": "2022-06-04T04:22:19.081Z", "user": 2, "content_type": 8, "object_id": "43", "object_repr": "加賀屋 本郷店", "action_flag": 2, "change_message": "[{\"changed\": {\"fields\": [\"\\u5e97\\u5185\\u98f2\\u98df\"]}}]"}}, {"model": "admin.logentry", "pk": 137, "fields": {"action_time": "2022-06-04T04:22:25.552Z", "user": 2, "content_type": 8, "object_id": "41", "object_repr": "モスバーガー", "action_flag": 2, "change_message": "[{\"changed\": {\"fields\": [\"\\u5e97\\u5185\\u98f2\\u98df\", \"\\u6301\\u3061\\u5e30\\u308a\"]}}]"}}, {"model": "admin.logentry", "pk": 138, "fields": {"action_time": "2022-06-04T04:22:32.001Z", "user": 2, "content_type": 8, "object_id": "44", "object_repr": "テング酒場 本郷三丁目店", "action_flag": 2, "change_message": "[{\"changed\": {\"fields\": [\"\\u5e97\\u5185\\u98f2\\u98df\"]}}]"}}, {"model": "admin.logentry", "pk": 139, "fields": {"action_time": "2022-06-04T04:22:37.705Z", "user": 2, "content_type": 8, "object_id": "45", "object_repr": "サンマルクカフェ 本郷三丁目メトロピア店", "action_flag": 2, "change_message": "[{\"changed\": {\"fields\": [\"\\u5e97\\u5185\\u98f2\\u98df\"]}}]"}}, {"model": "admin.logentry", "pk": 140, "fields": {"action_time": "2022-06-04T04:22:44.666Z", "user": 2, "content_type": 8, "object_id": "46", "object_repr": "がブリチキン。 本郷店", "action_flag": 2, "change_message": "[{\"changed\": {\"fields\": [\"\\u5e97\\u5185\\u98f2\\u98df\", \"\\u6301\\u3061\\u5e30\\u308a\"]}}]"}}, {"model": "admin.logentry", "pk": 141, "fields": {"action_time": "2022-06-04T04:22:50.781Z", "user": 2, "content_type": 8, "object_id": "47", "object_repr": "ファミリーマート 本郷三丁目店", "action_flag": 2, "change_message": "[{\"changed\": {\"fields\": [\"\\u6301\\u3061\\u5e30\\u308a\"]}}]"}}, {"model": "admin.logentry", "pk": 142, "fields": {"action_time": "2022-06-04T04:22:57.125Z", "user": 2, "content_type": 8, "object_id": "48", "object_repr": "我流坦々麺竹子 本郷店", "action_flag": 2, "change_message": "[{\"changed\": {\"fields\": [\"\\u5e97\\u5185\\u98f2\\u98df\"]}}]"}}, {"model": "admin.logentry", "pk": 143, "fields": {"action_time": "2022-06-04T04:23:03.634Z", "user": 2, "content_type": 8, "object_id": "49", "object_repr": "麺やねむ瑠", "action_flag": 2, "change_message": "[{\"changed\": {\"fields\": [\"\\u5e97\\u5185\\u98f2\\u98df\"]}}]"}}, {"model": "admin.logentry", "pk": 144, "fields": {"action_time": "2022-06-04T04:23:10.462Z", "user": 2, "content_type": 8, "object_id": "50", "object_repr": "カレーハウスCoCO壱番屋 本郷三丁目駅前店", "action_flag": 2, "change_message": "[{\"changed\": {\"fields\": [\"\\u5e97\\u5185\\u98f2\\u98df\", \"\\u6301\\u3061\\u5e30\\u308a\"]}}]"}}, {"model": "admin.logentry", "pk": 145, "fields": {"action_time": "2022-06-04T04:23:16.567Z", "user": 2, "content_type": 8, "object_id": "51", "object_repr": "なか卯 本郷三丁目店", "action_flag": 2, "change_message": "[{\"changed\": {\"fields\": [\"\\u5e97\\u5185\\u98f2\\u98df\", \"\\u6301\\u3061\\u5e30\\u308a\"]}}]"}}, {"model": "admin.logentry", "pk": 146, "fields": {"action_time": "2022-06-04T04:24:16.703Z", "user": 2, "content_type": 8, "object_id": "52", "object_repr": "瀬佐味亭", "action_flag": 1, "change_message": "[{\"added\": {}}, {\"added\": {\"name\": \"lunchplace-lunchgenre \\u306e\\u95a2\\u9023\", \"object\": \"LunchPlace_genre object (56)\"}}]"}}, {"model": "admin.logentry", "pk": 147, "fields": {"action_time": "2022-06-04T04:24:28.956Z", "user": 2, "content_type": 7, "object_id": "25", "object_repr": "坦々麺", "action_flag": 1, "change_message": "[{\"added\": {}}]"}}, {"model": "admin.logentry", "pk": 148, "fields": {"action_time": "2022-06-04T04:24:42.287Z", "user": 2, "content_type": 8, "object_id": "48", "object_repr": "我流坦々麺竹子 本郷店", "action_flag": 2, "change_message": "[{\"changed\": {\"name\": \"lunchplace-lunchgenre \\u306e\\u95a2\\u9023\", \"object\": \"LunchPlace_genre object (49)\", \"fields\": [\"Lunchgenre\"]}}]"}}, {"model": "admin.logentry", "pk": 149, "fields": {"action_time": "2022-06-04T04:24:50.194Z", "user": 2, "content_type": 8, "object_id": "52", "object_repr": "瀬佐味亭", "action_flag": 2, "change_message": "[{\"changed\": {\"name\": \"lunchplace-lunchgenre \\u306e\\u95a2\\u9023\", \"object\": \"LunchPlace_genre object (56)\", \"fields\": [\"Lunchgenre\"]}}]"}}, {"model": "admin.logentry", "pk": 150, "fields": {"action_time": "2022-06-04T04:30:16.551Z", "user": 2, "content_type": 10, "object_id": "1", "object_repr": "レストラン", "action_flag": 1, "change_message": "[{\"added\": {}}]"}}, {"model": "admin.logentry", "pk": 151, "fields": {"action_time": "2022-06-04T04:30:26.868Z", "user": 2, "content_type": 10, "object_id": "2", "object_repr": "小規模店舗", "action_flag": 1, "change_message": "[{\"added\": {}}]"}}, {"model": "admin.logentry", "pk": 152, "fields": {"action_time": "2022-06-04T04:30:34.860Z", "user": 2, "content_type": 10, "object_id": "3", "object_repr": "ファストフード", "action_flag": 1, "change_message": "[{\"added\": {}}]"}}, {"model": "admin.logentry", "pk": 153, "fields": {"action_time": "2022-06-04T04:30:40.782Z", "user": 2, "content_type": 10, "object_id": "4", "object_repr": "持ち帰り専門", "action_flag": 1, "change_message": "[{\"added\": {}}]"}}, {"model": "admin.logentry", "pk": 154, "fields": {"action_time": "2022-06-04T04:30:46.587Z", "user": 2, "content_type": 10, "object_id": "5", "object_repr": "コンビニエンスストア", "action_flag": 1, "change_message": "[{\"added\": {}}]"}}, {"model": "admin.logentry", "pk": 155, "fields": {"action_time": "2022-06-04T04:30:59.642Z", "user": 2, "content_type": 8, "object_id": "2", "object_repr": "用心棒 本郷", "action_flag": 2, "change_message": "[{\"changed\": {\"fields\": [\"\\u5e97\\u8217\\u5f62\\u614b\"]}}]"}}, {"model": "admin.logentry", "pk": 156, "fields": {"action_time": "2022-06-04T04:34:58.913Z", "user": 2, "content_type": 8, "object_id": "35", "object_repr": "焼き鳥ラッキー本郷三丁目店", "action_flag": 2, "change_message": "[{\"changed\": {\"fields\": [\"\\u5e97\\u8217\\u5f62\\u614b\", \"\\u6709\\u52b9\\u30d5\\u30e9\\u30b0\"]}}]"}}, {"model": "admin.logentry", "pk": 157, "fields": {"action_time": "2022-06-04T04:35:15.997Z", "user": 2, "content_type": 8, "object_id": "43", "object_repr": "加賀屋 本郷店", "action_flag": 2, "change_message": "[{\"changed\": {\"fields\": [\"\\u5e97\\u8217\\u5f62\\u614b\", \"\\u6709\\u52b9\\u30d5\\u30e9\\u30b0\"]}}]"}}, {"model": "admin.logentry", "pk": 158, "fields": {"action_time": "2022-06-04T04:35:27.381Z", "user": 2, "content_type": 8, "object_id": "44", "object_repr": "テング酒場 本郷三丁目店", "action_flag": 2, "change_message": "[{\"changed\": {\"fields\": [\"\\u5e97\\u8217\\u5f62\\u614b\", \"\\u6709\\u52b9\\u30d5\\u30e9\\u30b0\"]}}]"}}, {"model": "admin.logentry", "pk": 159, "fields": {"action_time": "2022-06-04T04:35:45.520Z", "user": 2, "content_type": 10, "object_id": "6", "object_repr": "カフェ", "action_flag": 1, "change_message": "[{\"added\": {}}]"}}, {"model": "admin.logentry", "pk": 160, "fields": {"action_time": "2022-06-04T04:39:54.189Z", "user": 2, "content_type": 8, "object_id": "24", "object_repr": "喫茶ルオー", "action_flag": 2, "change_message": "[{\"changed\": {\"fields\": [\"\\u5e97\\u8217\\u5f62\\u614b\"]}}]"}}, {"model": "admin.logentry", "pk": 161, "fields": {"action_time": "2022-06-04T04:41:45.406Z", "user": 2, "content_type": 8, "object_id": "37", "object_repr": "日高屋 本郷三丁目店", "action_flag": 2, "change_message": "[{\"changed\": {\"fields\": [\"\\u5e97\\u8217\\u5f62\\u614b\"]}}]"}}, {"model": "admin.logentry", "pk": 162, "fields": {"action_time": "2022-06-04T04:41:52.348Z", "user": 2, "content_type": 8, "object_id": "39", "object_repr": "MEGURO 東京本郷三丁目店", "action_flag": 2, "change_message": "[{\"changed\": {\"fields\": [\"\\u5e97\\u8217\\u5f62\\u614b\"]}}]"}}, {"model": "admin.logentry", "pk": 163, "fields": {"action_time": "2022-06-04T04:43:51.130Z", "user": 2, "content_type": 10, "object_id": "1", "object_repr": "レストラン", "action_flag": 2, "change_message": "[{\"changed\": {\"fields\": [\"\\u8aac\\u660e\"]}}]"}}, {"model": "admin.logentry", "pk": 164, "fields": {"action_time": "2022-06-04T04:44:23.415Z", "user": 2, "content_type": 10, "object_id": "2", "object_repr": "小規模店舗", "action_flag": 2, "change_message": "[{\"changed\": {\"fields\": [\"\\u8aac\\u660e\"]}}]"}}, {"model": "admin.logentry", "pk": 165, "fields": {"action_time": "2022-06-04T04:44:30.028Z", "user": 2, "content_type": 10, "object_id": "3", "object_repr": "ファストフード", "action_flag": 2, "change_message": "[{\"changed\": {\"fields\": [\"\\u8aac\\u660e\"]}}]"}}, {"model": "admin.logentry", "pk": 166, "fields": {"action_time": "2022-06-04T04:44:46.632Z", "user": 2, "content_type": 8, "object_id": "35", "object_repr": "焼き鳥ラッキー本郷三丁目店", "action_flag": 2, "change_message": "[{\"changed\": {\"fields\": [\"\\u5e97\\u8217\\u5f62\\u614b\"]}}]"}}, {"model": "admin.logentry", "pk": 167, "fields": {"action_time": "2022-06-04T04:44:51.226Z", "user": 2, "content_type": 10, "object_id": "4", "object_repr": "持ち帰り専門", "action_flag": 3, "change_message": ""}}, {"model": "admin.logentry", "pk": 168, "fields": {"action_time": "2022-06-04T04:45:11.427Z", "user": 2, "content_type": 10, "object_id": "5", "object_repr": "コンビニエンスストア", "action_flag": 2, "change_message": "[{\"changed\": {\"fields\": [\"\\u8aac\\u660e\"]}}]"}}, {"model": "admin.logentry", "pk": 169, "fields": {"action_time": "2022-06-04T04:45:57.496Z", "user": 2, "content_type": 7, "object_id": "26", "object_repr": "弁当", "action_flag": 1, "change_message": "[{\"added\": {}}]"}}, {"model": "admin.logentry", "pk": 170, "fields": {"action_time": "2022-06-04T04:46:12.086Z", "user": 2, "content_type": 7, "object_id": "27", "object_repr": "軽食類", "action_flag": 1, "change_message": "[{\"added\": {}}]"}}, {"model": "admin.logentry", "pk": 171, "fields": {"action_time": "2022-06-04T04:46:15.539Z", "user": 2, "content_type": 8, "object_id": "3", "object_repr": "セブンイレブン文京向丘1丁目店", "action_flag": 2, "change_message": "[{\"added\": {\"name\": \"lunchplace-lunchgenre \\u306e\\u95a2\\u9023\", \"object\": \"LunchPlace_genre object (57)\"}}, {\"changed\": {\"name\": \"lunchplace-lunchgenre \\u306e\\u95a2\\u9023\", \"object\": \"LunchPlace_genre object (3)\", \"fields\": [\"Lunchgenre\"]}}]"}}, {"model": "admin.logentry", "pk": 172, "fields": {"action_time": "2022-06-04T04:46:29.960Z", "user": 2, "content_type": 8, "object_id": "4", "object_repr": "東大生協農学部購買", "action_flag": 2, "change_message": "[{\"added\": {\"name\": \"lunchplace-lunchgenre \\u306e\\u95a2\\u9023\", \"object\": \"LunchPlace_genre object (58)\"}}, {\"changed\": {\"name\": \"lunchplace-lunchgenre \\u306e\\u95a2\\u9023\", \"object\": \"LunchPlace_genre object (8)\", \"fields\": [\"Lunchgenre\"]}}]"}}, {"model": "admin.logentry", "pk": 173, "fields": {"action_time": "2022-06-04T04:46:52.758Z", "user": 2, "content_type": 7, "object_id": "28", "object_repr": "洋食全般", "action_flag": 1, "change_message": "[{\"added\": {}}]"}}, {"model": "admin.logentry", "pk": 174, "fields": {"action_time": "2022-06-04T04:47:27.916Z", "user": 2, "content_type": 8, "object_id": "5", "object_repr": "東大生協農学部食堂", "action_flag": 2, "change_message": "[{\"added\": {\"name\": \"lunchplace-lunchgenre \\u306e\\u95a2\\u9023\", \"object\": \"LunchPlace_genre object (59)\"}}, {\"added\": {\"name\": \"lunchplace-lunchgenre \\u306e\\u95a2\\u9023\", \"object\": \"LunchPlace_genre object (60)\"}}, {\"changed\": {\"name\": \"lunchplace-lunchgenre \\u306e\\u95a2\\u9023\", \"object\": \"LunchPlace_genre object (5)\", \"fields\": [\"Lunchgenre\"]}}]"}}, {"model": "admin.logentry", "pk": 175, "fields": {"action_time": "2022-06-04T04:49:02.091Z", "user": 2, "content_type": 8, "object_id": "53", "object_repr": "蓬渓閣", "action_flag": 1, "change_message": "[{\"added\": {}}, {\"added\": {\"name\": \"lunchplace-lunchgenre \\u306e\\u95a2\\u9023\", \"object\": \"LunchPlace_genre object (61)\"}}]"}}, {"model": "admin.logentry", "pk": 176, "fields": {"action_time": "2022-06-04T04:49:27.875Z", "user": 2, "content_type": 8, "object_id": "49", "object_repr": "麺やねむ瑠", "action_flag": 2, "change_message": "[{\"changed\": {\"fields\": [\"\\u5e97\\u8217\\u5f62\\u614b\"]}}]"}}, {"model": "admin.logentry", "pk": 177, "fields": {"action_time": "2022-06-04T04:50:08.031Z", "user": 2, "content_type": 8, "object_id": "54", "object_repr": "サイゼリヤ", "action_flag": 1, "change_message": "[{\"added\": {}}, {\"added\": {\"name\": \"lunchplace-lunchgenre \\u306e\\u95a2\\u9023\", \"object\": \"LunchPlace_genre object (62)\"}}]"}}, {"model": "admin.logentry", "pk": 178, "fields": {"action_time": "2022-06-04T04:50:23.296Z", "user": 2, "content_type": 8, "object_id": "10", "object_repr": "ローソンストア100 東大工学部3号館店", "action_flag": 2, "change_message": "[{\"added\": {\"name\": \"lunchplace-lunchgenre \\u306e\\u95a2\\u9023\", \"object\": \"LunchPlace_genre object (63)\"}}, {\"changed\": {\"name\": \"lunchplace-lunchgenre \\u306e\\u95a2\\u9023\", \"object\": \"LunchPlace_genre object (11)\", \"fields\": [\"Lunchgenre\"]}}]"}}, {"model": "admin.logentry", "pk": 179, "fields": {"action_time": "2022-06-04T04:50:32.401Z", "user": 2, "content_type": 8, "object_id": "11", "object_repr": "ローソン 東大安田講堂店", "action_flag": 2, "change_message": "[{\"added\": {\"name\": \"lunchplace-lunchgenre \\u306e\\u95a2\\u9023\", \"object\": \"LunchPlace_genre object (64)\"}}, {\"changed\": {\"name\": \"lunchplace-lunchgenre \\u306e\\u95a2\\u9023\", \"object\": \"LunchPlace_genre object (12)\", \"fields\": [\"Lunchgenre\"]}}]"}}, {"model": "admin.logentry", "pk": 180, "fields": {"action_time": "2022-06-04T04:50:41.176Z", "user": 2, "content_type": 8, "object_id": "14", "object_repr": "東大生協 第二購買", "action_flag": 2, "change_message": "[{\"added\": {\"name\": \"lunchplace-lunchgenre \\u306e\\u95a2\\u9023\", \"object\": \"LunchPlace_genre object (65)\"}}, {\"changed\": {\"name\": \"lunchplace-lunchgenre \\u306e\\u95a2\\u9023\", \"object\": \"LunchPlace_genre object (15)\", \"fields\": [\"Lunchgenre\"]}}]"}}, {"model": "admin.logentry", "pk": 181, "fields": {"action_time": "2022-06-04T04:50:49.320Z", "user": 2, "content_type": 8, "object_id": "17", "object_repr": "東大生協 第一購買", "action_flag": 2, "change_message": "[{\"added\": {\"name\": \"lunchplace-lunchgenre \\u306e\\u95a2\\u9023\", \"object\": \"LunchPlace_genre object (66)\"}}, {\"changed\": {\"name\": \"lunchplace-lunchgenre \\u306e\\u95a2\\u9023\", \"object\": \"LunchPlace_genre object (18)\", \"fields\": [\"Lunchgenre\"]}}]"}}, {"model": "admin.logentry", "pk": 182, "fields": {"action_time": "2022-06-04T04:50:57.605Z", "user": 2, "content_type": 8, "object_id": "21", "object_repr": "ファミリーマート 東大正門前店", "action_flag": 2, "change_message": "[{\"added\": {\"name\": \"lunchplace-lunchgenre \\u306e\\u95a2\\u9023\", \"object\": \"LunchPlace_genre object (67)\"}}, {\"changed\": {\"name\": \"lunchplace-lunchgenre \\u306e\\u95a2\\u9023\", \"object\": \"LunchPlace_genre object (22)\", \"fields\": [\"Lunchgenre\"]}}]"}}, {"model": "admin.logentry", "pk": 183, "fields": {"action_time": "2022-06-04T04:51:05.398Z", "user": 2, "content_type": 8, "object_id": "25", "object_repr": "ローソンストア100 本郷郵便局店", "action_flag": 2, "change_message": "[{\"added\": {\"name\": \"lunchplace-lunchgenre \\u306e\\u95a2\\u9023\", \"object\": \"LunchPlace_genre object (68)\"}}, {\"changed\": {\"name\": \"lunchplace-lunchgenre \\u306e\\u95a2\\u9023\", \"object\": \"LunchPlace_genre object (26)\", \"fields\": [\"Lunchgenre\"]}}]"}}, {"model": "admin.logentry", "pk": 184, "fields": {"action_time": "2022-06-04T04:51:15.993Z", "user": 2, "content_type": 8, "object_id": "47", "object_repr": "ファミリーマート 本郷三丁目店", "action_flag": 2, "change_message": "[{\"added\": {\"name\": \"lunchplace-lunchgenre \\u306e\\u95a2\\u9023\", \"object\": \"LunchPlace_genre object (69)\"}}, {\"changed\": {\"name\": \"lunchplace-lunchgenre \\u306e\\u95a2\\u9023\", \"object\": \"LunchPlace_genre object (48)\", \"fields\": [\"Lunchgenre\"]}}]"}}, {"model": "admin.logentry", "pk": 185, "fields": {"action_time": "2022-06-04T04:51:31.971Z", "user": 2, "content_type": 8, "object_id": "6", "object_repr": "カフェアグリワンオーワン", "action_flag": 2, "change_message": "[{\"added\": {\"name\": \"lunchplace-lunchgenre \\u306e\\u95a2\\u9023\", \"object\": \"LunchPlace_genre object (70)\"}}, {\"changed\": {\"name\": \"lunchplace-lunchgenre \\u306e\\u95a2\\u9023\", \"object\": \"LunchPlace_genre object (6)\", \"fields\": [\"Lunchgenre\"]}}]"}}, {"model": "admin.logentry", "pk": 186, "fields": {"action_time": "2022-06-04T04:51:38.886Z", "user": 2, "content_type": 8, "object_id": "12", "object_repr": "ドトールコーヒー 東大安田講堂前店", "action_flag": 2, "change_message": "[{\"changed\": {\"name\": \"lunchplace-lunchgenre \\u306e\\u95a2\\u9023\", \"object\": \"LunchPlace_genre object (13)\", \"fields\": [\"Lunchgenre\"]}}]"}}, {"model": "admin.logentry", "pk": 187, "fields": {"action_time": "2022-06-04T04:51:44.341Z", "user": 2, "content_type": 8, "object_id": "18", "object_repr": "スターバックスコーヒー 東大工学部店", "action_flag": 2, "change_message": "[{\"changed\": {\"name\": \"lunchplace-lunchgenre \\u306e\\u95a2\\u9023\", \"object\": \"LunchPlace_genre object (19)\", \"fields\": [\"Lunchgenre\"]}}]"}}, {"model": "admin.logentry", "pk": 188, "fields": {"action_time": "2022-06-04T04:52:13.189Z", "user": 2, "content_type": 8, "object_id": "24", "object_repr": "喫茶ルオー", "action_flag": 2, "change_message": "[{\"added\": {\"name\": \"lunchplace-lunchgenre \\u306e\\u95a2\\u9023\", \"object\": \"LunchPlace_genre object (71)\"}}, {\"changed\": {\"name\": \"lunchplace-lunchgenre \\u306e\\u95a2\\u9023\", \"object\": \"LunchPlace_genre object (25)\", \"fields\": [\"Lunchgenre\"]}}]"}}, {"model": "admin.logentry", "pk": 189, "fields": {"action_time": "2022-06-04T04:52:22.545Z", "user": 2, "content_type": 8, "object_id": "45", "object_repr": "サンマルクカフェ 本郷三丁目メトロピア店", "action_flag": 2, "change_message": "[{\"changed\": {\"name\": \"lunchplace-lunchgenre \\u306e\\u95a2\\u9023\", \"object\": \"LunchPlace_genre object (46)\", \"fields\": [\"Lunchgenre\"]}}]"}}, {"model": "admin.logentry", "pk": 190, "fields": {"action_time": "2022-06-04T04:52:37.856Z", "user": 2, "content_type": 8, "object_id": "9", "object_repr": "SUBWAY 東大工学部2号館店", "action_flag": 2, "change_message": "[{\"changed\": {\"name\": \"lunchplace-lunchgenre \\u306e\\u95a2\\u9023\", \"object\": \"LunchPlace_genre object (10)\", \"fields\": [\"Lunchgenre\"]}}]"}}, {"model": "admin.logentry", "pk": 191, "fields": {"action_time": "2022-06-04T04:52:54.148Z", "user": 2, "content_type": 8, "object_id": "15", "object_repr": "ネオポンテTOKYO", "action_flag": 2, "change_message": "[{\"added\": {\"name\": \"lunchplace-lunchgenre \\u306e\\u95a2\\u9023\", \"object\": \"LunchPlace_genre object (72)\"}}, {\"added\": {\"name\": \"lunchplace-lunchgenre \\u306e\\u95a2\\u9023\", \"object\": \"LunchPlace_genre object (73)\"}}, {\"changed\": {\"name\": \"lunchplace-lunchgenre \\u306e\\u95a2\\u9023\", \"object\": \"LunchPlace_genre object (16)\", \"fields\": [\"Lunchgenre\"]}}]"}}, {"model": "admin.logentry", "pk": 192, "fields": {"action_time": "2022-06-04T04:53:25.240Z", "user": 2, "content_type": 7, "object_id": "16", "object_repr": "その他ファストフード", "action_flag": 3, "change_message": ""}}, {"model": "admin.logentry", "pk": 193, "fields": {"action_time": "2022-06-04T04:53:30.771Z", "user": 2, "content_type": 7, "object_id": "15", "object_repr": "インド料理", "action_flag": 2, "change_message": "[{\"changed\": {\"fields\": [\"\\u30b8\\u30e3\\u30f3\\u30eb\\u540d\\u79f0\"]}}]"}}, {"model": "admin.logentry", "pk": 194, "fields": {"action_time": "2022-06-04T04:53:40.579Z", "user": 2, "content_type": 7, "object_id": "10", "object_repr": "コンビニエンスストア", "action_flag": 3, "change_message": ""}}, {"model": "admin.logentry", "pk": 195, "fields": {"action_time": "2022-06-04T04:53:49.691Z", "user": 2, "content_type": 7, "object_id": "13", "object_repr": "カフェ", "action_flag": 3, "change_message": ""}}, {"model": "admin.logentry", "pk": 196, "fields": {"action_time": "2022-06-04T04:54:09.271Z", "user": 2, "content_type": 8, "object_id": "7", "object_repr": "アブルボア(東大農学部内)", "action_flag": 2, "change_message": "[{\"added\": {\"name\": \"lunchplace-lunchgenre \\u306e\\u95a2\\u9023\", \"object\": \"LunchPlace_genre object (74)\"}}, {\"added\": {\"name\": \"lunchplace-lunchgenre \\u306e\\u95a2\\u9023\", \"object\": \"LunchPlace_genre object (75)\"}}, {\"changed\": {\"name\": \"lunchplace-lunchgenre \\u306e\\u95a2\\u9023\", \"object\": \"LunchPlace_genre object (7)\", \"fields\": [\"Lunchgenre\"]}}]"}}, {"model": "admin.logentry", "pk": 197, "fields": {"action_time": "2022-06-04T04:54:24.922Z", "user": 2, "content_type": 8, "object_id": "13", "object_repr": "東京大学中央食堂", "action_flag": 2, "change_message": "[{\"added\": {\"name\": \"lunchplace-lunchgenre \\u306e\\u95a2\\u9023\", \"object\": \"LunchPlace_genre object (76)\"}}, {\"added\": {\"name\": \"lunchplace-lunchgenre \\u306e\\u95a2\\u9023\", \"object\": \"LunchPlace_genre object (77)\"}}, {\"changed\": {\"name\": \"lunchplace-lunchgenre \\u306e\\u95a2\\u9023\", \"object\": \"LunchPlace_genre object (14)\", \"fields\": [\"Lunchgenre\"]}}]"}}, {"model": "admin.logentry", "pk": 198, "fields": {"action_time": "2022-06-04T04:54:35.272Z", "user": 2, "content_type": 8, "object_id": "16", "object_repr": "東大生協 第二食堂", "action_flag": 2, "change_message": "[{\"added\": {\"name\": \"lunchplace-lunchgenre \\u306e\\u95a2\\u9023\", \"object\": \"LunchPlace_genre object (78)\"}}, {\"added\": {\"name\": \"lunchplace-lunchgenre \\u306e\\u95a2\\u9023\", \"object\": \"LunchPlace_genre object (79)\"}}, {\"changed\": {\"name\": \"lunchplace-lunchgenre \\u306e\\u95a2\\u9023\", \"object\": \"LunchPlace_genre object (17)\", \"fields\": [\"Lunchgenre\"]}}]"}}, {"model": "admin.logentry", "pk": 199, "fields": {"action_time": "2022-06-04T04:54:40.480Z", "user": 2, "content_type": 8, "object_id": "38", "object_repr": "洋食屋せんごく 本郷店", "action_flag": 2, "change_message": "[{\"changed\": {\"name\": \"lunchplace-lunchgenre \\u306e\\u95a2\\u9023\", \"object\": \"LunchPlace_genre object (39)\", \"fields\": [\"Lunchgenre\"]}}]"}}, {"model": "admin.logentry", "pk": 200, "fields": {"action_time": "2022-06-04T04:54:47.856Z", "user": 2, "content_type": 7, "object_id": "14", "object_repr": "レストラン", "action_flag": 3, "change_message": ""}}, {"model": "admin.logentry", "pk": 201, "fields": {"action_time": "2022-06-04T04:57:59.358Z", "user": 2, "content_type": 8, "object_id": "55", "object_repr": "やよい軒　本郷店", "action_flag": 1, "change_message": "[{\"added\": {}}, {\"added\": {\"name\": \"lunchplace-lunchgenre \\u306e\\u95a2\\u9023\", \"object\": \"LunchPlace_genre object (80)\"}}, {\"added\": {\"name\": \"lunchplace-lunchgenre \\u306e\\u95a2\\u9023\", \"object\": \"LunchPlace_genre object (81)\"}}]"}}, {"model": "admin.logentry", "pk": 202, "fields": {"action_time": "2022-06-04T04:59:23.904Z", "user": 2, "content_type": 8, "object_id": "56", "object_repr": "ネオ屋台村(工8号館下)", "action_flag": 1, "change_message": "[{\"added\": {}}, {\"added\": {\"name\": \"lunchplace-lunchgenre \\u306e\\u95a2\\u9023\", \"object\": \"LunchPlace_genre object (82)\"}}]"}}, {"model": "admin.logentry", "pk": 203, "fields": {"action_time": "2022-06-04T05:00:01.779Z", "user": 2, "content_type": 8, "object_id": "57", "object_repr": "ネオ屋台村(学生支援C前)", "action_flag": 1, "change_message": "[{\"added\": {}}, {\"added\": {\"name\": \"lunchplace-lunchgenre \\u306e\\u95a2\\u9023\", \"object\": \"LunchPlace_genre object (83)\"}}]"}}, {"model": "admin.logentry", "pk": 204, "fields": {"action_time": "2022-06-04T05:00:26.259Z", "user": 2, "content_type": 8, "object_id": "58", "object_repr": "ネオ屋台村(経済棟)", "action_flag": 1, "change_message": "[{\"added\": {}}, {\"added\": {\"name\": \"lunchplace-lunchgenre \\u306e\\u95a2\\u9023\", \"object\": \"LunchPlace_genre object (84)\"}}]"}}, {"model": "admin.logentry", "pk": 205, "fields": {"action_time": "2022-06-04T05:01:01.617Z", "user": 2, "content_type": 8, "object_id": "59", "object_repr": "ネオ屋台村(病院前)", "action_flag": 1, "change_message": "[{\"added\": {}}, {\"added\": {\"name\": \"lunchplace-lunchgenre \\u306e\\u95a2\\u9023\", \"object\": \"LunchPlace_genre object (85)\"}}]"}}, {"model": "admin.logentry", "pk": 206, "fields": {"action_time": "2022-06-04T05:01:28.177Z", "user": 2, "content_type": 8, "object_id": "60", "object_repr": "ネオ屋台村(本部棟)", "action_flag": 1, "change_message": "[{\"added\": {}}, {\"added\": {\"name\": \"lunchplace-lunchgenre \\u306e\\u95a2\\u9023\", \"object\": \"LunchPlace_genre object (86)\"}}]"}}, {"model": "admin.logentry", "pk": 207, "fields": {"action_time": "2022-06-04T05:07:13.828Z", "user": 2, "content_type": 8, "object_id": "61", "object_repr": "保刈商店", "action_flag": 1, "change_message": "[{\"added\": {}}, {\"added\": {\"name\": \"lunchplace-lunchgenre \\u306e\\u95a2\\u9023\", \"object\": \"LunchPlace_genre object (87)\"}}]"}}, {"model": "admin.logentry", "pk": 208, "fields": {"action_time": "2022-06-04T05:07:40.530Z", "user": 2, "content_type": 7, "object_id": "29", "object_repr": "揚げ物", "action_flag": 1, "change_message": "[{\"added\": {}}]"}}, {"model": "admin.logentry", "pk": 209, "fields": {"action_time": "2022-06-04T05:07:43.046Z", "user": 2, "content_type": 8, "object_id": "62", "object_repr": "とり多津", "action_flag": 1, "change_message": "[{\"added\": {}}, {\"added\": {\"name\": \"lunchplace-lunchgenre \\u306e\\u95a2\\u9023\", \"object\": \"LunchPlace_genre object (88)\"}}, {\"added\": {\"name\": \"lunchplace-lunchgenre \\u306e\\u95a2\\u9023\", \"object\": \"LunchPlace_genre object (89)\"}}]"}}, {"model": "admin.logentry", "pk": 210, "fields": {"action_time": "2022-06-04T05:07:51.131Z", "user": 2, "content_type": 8, "object_id": "61", "object_repr": "保刈商店", "action_flag": 2, "change_message": "[{\"added\": {\"name\": \"lunchplace-lunchgenre \\u306e\\u95a2\\u9023\", \"object\": \"LunchPlace_genre object (90)\"}}]"}}, {"model": "admin.logentry", "pk": 211, "fields": {"action_time": "2022-06-04T05:08:24.587Z", "user": 2, "content_type": 8, "object_id": "63", "object_repr": "吉野家　根津店", "action_flag": 1, "change_message": "[{\"added\": {}}, {\"added\": {\"name\": \"lunchplace-lunchgenre \\u306e\\u95a2\\u9023\", \"object\": \"LunchPlace_genre object (91)\"}}]"}}, {"model": "admin.logentry", "pk": 212, "fields": {"action_time": "2022-06-04T05:09:02.051Z", "user": 2, "content_type": 8, "object_id": "64", "object_repr": "レストランKIZUKA", "action_flag": 1, "change_message": "[{\"added\": {}}, {\"added\": {\"name\": \"lunchplace-lunchgenre \\u306e\\u95a2\\u9023\", \"object\": \"LunchPlace_genre object (92)\"}}]"}}, {"model": "admin.logentry", "pk": 213, "fields": {"action_time": "2022-06-04T05:09:22.075Z", "user": 2, "content_type": 8, "object_id": "65", "object_repr": "SPIGA　根津店", "action_flag": 1, "change_message": "[{\"added\": {}}, {\"added\": {\"name\": \"lunchplace-lunchgenre \\u306e\\u95a2\\u9023\", \"object\": \"LunchPlace_genre object (93)\"}}]"}}, {"model": "admin.logentry", "pk": 214, "fields": {"action_time": "2022-06-04T05:09:59.608Z", "user": 2, "content_type": 7, "object_id": "30", "object_repr": "寿司", "action_flag": 1, "change_message": "[{\"added\": {}}]"}}, {"model": "admin.logentry", "pk": 215, "fields": {"action_time": "2022-06-04T05:10:01.696Z", "user": 2, "content_type": 8, "object_id": "66", "object_repr": "京樽・スシロー　根津店", "action_flag": 1, "change_message": "[{\"added\": {}}, {\"added\": {\"name\": \"lunchplace-lunchgenre \\u306e\\u95a2\\u9023\", \"object\": \"LunchPlace_genre object (94)\"}}]"}}, {"model": "admin.logentry", "pk": 216, "fields": {"action_time": "2022-06-04T05:10:27.710Z", "user": 2, "content_type": 8, "object_id": "67", "object_repr": "鮨みひろ", "action_flag": 1, "change_message": "[{\"added\": {}}, {\"added\": {\"name\": \"lunchplace-lunchgenre \\u306e\\u95a2\\u9023\", \"object\": \"LunchPlace_genre object (95)\"}}]"}}, {"model": "admin.logentry", "pk": 217, "fields": {"action_time": "2022-06-04T05:11:12.843Z", "user": 2, "content_type": 8, "object_id": "68", "object_repr": "ピザハット　文京根津店", "action_flag": 1, "change_message": "[{\"added\": {}}, {\"added\": {\"name\": \"lunchplace-lunchgenre \\u306e\\u95a2\\u9023\", \"object\": \"LunchPlace_genre object (96)\"}}]"}}, {"model": "admin.logentry", "pk": 218, "fields": {"action_time": "2022-06-04T05:12:09.249Z", "user": 2, "content_type": 8, "object_id": "69", "object_repr": "日比谷松本楼 GRILL 東京大学工学部2号館店", "action_flag": 1, "change_message": "[{\"added\": {}}, {\"added\": {\"name\": \"lunchplace-lunchgenre \\u306e\\u95a2\\u9023\", \"object\": \"LunchPlace_genre object (97)\"}}]"}}, {"model": "admin.logentry", "pk": 219, "fields": {"action_time": "2022-06-04T05:13:18.983Z", "user": 2, "content_type": 8, "object_id": "70", "object_repr": "欧風カレー　ル・ムーラン", "action_flag": 1, "change_message": "[{\"added\": {}}, {\"added\": {\"name\": \"lunchplace-lunchgenre \\u306e\\u95a2\\u9023\", \"object\": \"LunchPlace_genre object (98)\"}}]"}}, {"model": "admin.logentry", "pk": 220, "fields": {"action_time": "2022-06-04T05:13:43.597Z", "user": 2, "content_type": 8, "object_id": "71", "object_repr": "ルヴェ ソン ヴェール 本郷", "action_flag": 1, "change_message": "[{\"added\": {}}, {\"added\": {\"name\": \"lunchplace-lunchgenre \\u306e\\u95a2\\u9023\", \"object\": \"LunchPlace_genre object (99)\"}}]"}}, {"model": "admin.logentry", "pk": 221, "fields": {"action_time": "2022-06-04T05:14:10.075Z", "user": 2, "content_type": 8, "object_id": "72", "object_repr": "札幌味噌ラーメン 三好", "action_flag": 1, "change_message": "[{\"added\": {}}, {\"added\": {\"name\": \"lunchplace-lunchgenre \\u306e\\u95a2\\u9023\", \"object\": \"LunchPlace_genre object (100)\"}}]"}}, {"model": "admin.logentry", "pk": 222, "fields": {"action_time": "2022-06-04T05:15:32.230Z", "user": 2, "content_type": 8, "object_id": "73", "object_repr": "石垣の塩まぜそば 織恩", "action_flag": 1, "change_message": "[{\"added\": {}}, {\"added\": {\"name\": \"lunchplace-lunchgenre \\u306e\\u95a2\\u9023\", \"object\": \"LunchPlace_genre object (101)\"}}]"}}, {"model": "admin.logentry", "pk": 223, "fields": {"action_time": "2022-06-04T05:29:27.317Z", "user": 2, "content_type": 11, "object_id": "1", "object_repr": "2022-03-09", "action_flag": 1, "change_message": "[{\"added\": {}}]"}}, {"model": "admin.logentry", "pk": 224, "fields": {"action_time": "2022-06-04T05:50:43.450Z", "user": 2, "content_type": 12, "object_id": "1", "object_repr": "2022-03-09", "action_flag": 1, "change_message": "[{\"added\": {}}]"}}, {"model": "admin.logentry", "pk": 225, "fields": {"action_time": "2022-06-04T06:06:00.809Z", "user": 2, "content_type": 12, "object_id": "2", "object_repr": "2022-06-04", "action_flag": 1, "change_message": "[{\"added\": {}}]"}}, {"model": "admin.logentry", "pk": 226, "fields": {"action_time": "2022-06-04T06:54:38.262Z", "user": 2, "content_type": 12, "object_id": "2", "object_repr": "2022-06-04", "action_flag": 2, "change_message": "[{\"changed\": {\"fields\": [\"\\u30ea\\u30ea\\u30fc\\u30b9\\u5185\\u5bb9\"]}}]"}}, {"model": "admin.logentry", "pk": 227, "fields": {"action_time": "2022-06-04T07:19:45.345Z", "user": 2, "content_type": 8, "object_id": "62", "object_repr": "とり多津　根津店", "action_flag": 2, "change_message": "[{\"changed\": {\"fields\": [\"\\u5e97\\u8217\\u540d\"]}}]"}}, {"model": "admin.logentry", "pk": 228, "fields": {"action_time": "2022-06-04T07:49:28.265Z", "user": 2, "content_type": 12, "object_id": "2", "object_repr": "2022-06-04", "action_flag": 2, "change_message": "[{\"changed\": {\"fields\": [\"\\u30ea\\u30ea\\u30fc\\u30b9\\u5185\\u5bb9\"]}}]"}}, {"model": "lunch_gacha.user", "pk": 1, "fields": {"password": "pbkdf2_sha256$260000$ArEqsM3PtaFwpnxMRVJogD$OPmuK+s1n/N79qYaW8/axDGcDevz87X6uUdeZCUrLOU=", "last_login": "2021-10-26T03:53:00.891Z", "is_superuser": true, "username": "admin", "is_staff": true, "is_active": true, "date_joined": "2021-10-26T03:52:56.856Z", "groups": [], "user_permissions": []}}, {"model": "lunch_gacha.user", "pk": 2, "fields": {"password": "pbkdf2_sha256$260000$gmIT6DuqBxBl6E91aUQCnW$pEjRp0c5UPUgvkCVggcoFNsbMmKc+WYQZkkSb+ar71Y=", "last_login": "2022-06-04T04:12:06.708Z", "is_superuser": true, "username": "tani", "is_staff": true, "is_active": true, "date_joined": "2022-03-09T02:42:02.051Z", "groups": [], "user_permissions": []}}, {"model": "lunch_gacha.district", "pk": 1, "fields": {"name": "本郷赤門前"}}, {"model": "lunch_gacha.district", "pk": 2, "fields": {"name": "本郷正門前"}}, {"model": "lunch_gacha.district", "pk": 3, "fields": {"name": "弥生農正門前"}}, {"model": "lunch_gacha.district", "pk": 4, "fields": {"name": "根津"}}, {"model": "lunch_gacha.district", "pk": 5, "fields": {"name": "本郷三丁目駅周辺"}}, {"model": "lunch_gacha.district", "pk": 6, "fields": {"name": "湯島"}}, {"model": "lunch_gacha.district", "pk": 7, "fields": {"name": "白山"}}, {"model": "lunch_gacha.district", "pk": 8, "fields": {"name": "後楽園"}}, {"model": "lunch_gacha.district", "pk": 9, "fields": {"name": "御茶ノ水"}}, {"model": "lunch_gacha.storetype", "pk": 1, "fields": {"name": "レストラン", "description": "20席以上ある、または複数種類のメニューを提供する"}}, {"model": "lunch_gacha.storetype", "pk": 2, "fields": {"name": "小規模店舗", "description": "席数が20以下であるか、単系統のメニューのみを提供する"}}, {"model": "lunch_gacha.storetype", "pk": 3, "fields": {"name": "ファストフード", "description": "ファストフード店"}}, {"model": "lunch_gacha.storetype", "pk": 5, "fields": {"name": "コンビニエンスストア", "description": "コンビニエンスストア\r\nイートイン席数を問わない"}}, {"model": "lunch_gacha.storetype", "pk": 6, "fields": {"name": "カフェ", "description": null}}, {"model": "lunch_gacha.lunchgenre", "pk": 1, "fields": {"name": "ラーメン(豚骨)"}}, {"model": "lunch_gacha.lunchgenre", "pk": 2, "fields": {"name": "ラーメン(家系)"}}, {"model": "lunch_gacha.lunchgenre", "pk": 3, "fields": {"name": "ラーメン(その他)"}}, {"model": "lunch_gacha.lunchgenre", "pk": 4, "fields": {"name": "中華料理"}}, {"model": "lunch_gacha.lunchgenre", "pk": 5, "fields": {"name": "ラーメン(二郎系)"}}, {"model": "lunch_gacha.lunchgenre", "pk": 6, "fields": {"name": "ハンバーガー"}}, {"model": "lunch_gacha.lunchgenre", "pk": 7, "fields": {"name": "焼肉"}}, {"model": "lunch_gacha.lunchgenre", "pk": 8, "fields": {"name": "まぜそば・油そば"}}, {"model": "lunch_gacha.lunchgenre", "pk": 9, "fields": {"name": "イタリアン"}}, {"model": "lunch_gacha.lunchgenre", "pk": 15, "fields": {"name": "インド料理"}}, {"model": "lunch_gacha.lunchgenre", "pk": 17, "fields": {"name": "和食"}}, {"model": "lunch_gacha.lunchgenre", "pk": 18, "fields": {"name": "そば"}}, {"model": "lunch_gacha.lunchgenre", "pk": 19, "fields": {"name": "海鮮"}}, {"model": "lunch_gacha.lunchgenre", "pk": 20, "fields": {"name": "タイ料理"}}, {"model": "lunch_gacha.lunchgenre", "pk": 21, "fields": {"name": "焼き鳥"}}, {"model": "lunch_gacha.lunchgenre", "pk": 22, "fields": {"name": "居酒屋"}}, {"model": "lunch_gacha.lunchgenre", "pk": 23, "fields": {"name": "カレー"}}, {"model": "lunch_gacha.lunchgenre", "pk": 24, "fields": {"name": "丼もの"}}, {"model": "lunch_gacha.lunchgenre", "pk": 25, "fields": {"name": "坦々麺"}}, {"model": "lunch_gacha.lunchgenre", "pk": 26, "fields": {"name": "弁当"}}, {"model": "lunch_gacha.lunchgenre", "pk": 27, "fields": {"name": "軽食類"}}, {"model": "lunch_gacha.lunchgenre", "pk": 28, "fields": {"name": "洋食全般"}}, {"model": "lunch_gacha.lunchgenre", "pk": 29, "fields": {"name": "揚げ物"}}, {"model": "lunch_gacha.lunchgenre", "pk": 30, "fields": {"name": "寿司"}}, {"model": "lunch_gacha.lunchplace", "pk": 2, "fields": {"name": "用心棒 本郷", "district": 3, "store_type": 2, "has_eatin": true, "has_takeout": false, "is_valid": true, "genre": [5]}}, {"model": "lunch_gacha.lunchplace", "pk": 3, "fields": {"name": "セブンイレブン文京向丘1丁目店", "district": 3, "store_type": 5, "has_eatin": false, "has_takeout": true, "is_valid": true, "genre": [26, 27]}}, {"model": "lunch_gacha.lunchplace", "pk": 4, "fields": {"name": "東大生協農学部購買", "district": 3, "store_type": 5, "has_eatin": false, "has_takeout": true, "is_valid": true, "genre": [26, 27]}}, {"model": "lunch_gacha.lunchplace", "pk": 5, "fields": {"name": "東大生協農学部食堂", "district": 3, "store_type": 1, "has_eatin": true, "has_takeout": false, "is_valid": true, "genre": [3, 17, 28]}}, {"model": "lunch_gacha.lunchplace", "pk": 6, "fields": {"name": "カフェアグリワンオーワン", "district": 3, "store_type": 6, "has_eatin": true, "has_takeout": true, "is_valid": true, "genre": [26, 27]}}, {"model": "lunch_gacha.lunchplace", "pk": 7, "fields": {"name": "アブルボア(東大農学部内)", "district": 3, "store_type": 1, "has_eatin": true, "has_takeout": true, "is_valid": true, "genre": [26, 27, 28]}}, {"model": "lunch_gacha.lunchplace", "pk": 8, "fields": {"name": "ビサール", "district": 3, "store_type": 2, "has_eatin": true, "has_takeout": true, "is_valid": true, "genre": [15, 23]}}, {"model": "lunch_gacha.lunchplace", "pk": 9, "fields": {"name": "SUBWAY 東大工学部2号館店", "district": 2, "store_type": 3, "has_eatin": true, "has_takeout": true, "is_valid": true, "genre": [27]}}, {"model": "lunch_gacha.lunchplace", "pk": 10, "fields": {"name": "ローソンストア100 東大工学部3号館店", "district": 2, "store_type": 5, "has_eatin": false, "has_takeout": true, "is_valid": true, "genre": [26, 27]}}, {"model": "lunch_gacha.lunchplace", "pk": 11, "fields": {"name": "ローソン 東大安田講堂店", "district": 2, "store_type": 5, "has_eatin": false, "has_takeout": true, "is_valid": true, "genre": [26, 27]}}, {"model": "lunch_gacha.lunchplace", "pk": 12, "fields": {"name": "ドトールコーヒー 東大安田講堂前店", "district": 2, "store_type": 6, "has_eatin": true, "has_takeout": false, "is_valid": true, "genre": [27]}}, {"model": "lunch_gacha.lunchplace", "pk": 13, "fields": {"name": "東京大学中央食堂", "district": 2, "store_type": 1, "has_eatin": true, "has_takeout": false, "is_valid": true, "genre": [3, 17, 28]}}, {"model": "lunch_gacha.lunchplace", "pk": 14, "fields": {"name": "東大生協 第二購買", "district": 2, "store_type": 5, "has_eatin": false, "has_takeout": true, "is_valid": true, "genre": [26, 27]}}, {"model": "lunch_gacha.lunchplace", "pk": 15, "fields": {"name": "ネオポンテTOKYO", "district": 2, "store_type": 2, "has_eatin": false, "has_takeout": true, "is_valid": true, "genre": [26, 27, 28]}}, {"model": "lunch_gacha.lunchplace", "pk": 16, "fields": {"name": "東大生協 第二食堂", "district": 2, "store_type": 1, "has_eatin": true, "has_takeout": false, "is_valid": true, "genre": [3, 17, 28]}}, {"model": "lunch_gacha.lunchplace", "pk": 17, "fields": {"name": "東大生協 第一購買", "district": 2, "store_type": 5, "has_eatin": false, "has_takeout": true, "is_valid": true, "genre": [26, 27]}}, {"model": "lunch_gacha.lunchplace", "pk": 18, "fields": {"name": "スターバックスコーヒー 東大工学部店", "district": 2, "store_type": 6, "has_eatin": true, "has_takeout": true, "is_valid": true, "genre": [27]}}, {"model": "lunch_gacha.lunchplace", "pk": 19, "fields": {"name": "北海道の米と汁U-gohan 東大正門", "district": 2, "store_type": 2, "has_eatin": true, "has_takeout": false, "is_valid": true, "genre": [17]}}, {"model": "lunch_gacha.lunchplace", "pk": 20, "fields": {"name": "SUPER PIZZA", "district": 2, "store_type": 2, "has_eatin": true, "has_takeout": true, "is_valid": true, "genre": [9]}}, {"model": "lunch_gacha.lunchplace", "pk": 21, "fields": {"name": "ファミリーマート 東大正門前店", "district": 2, "store_type": 5, "has_eatin": false, "has_takeout": true, "is_valid": true, "genre": [26, 27]}}, {"model": "lunch_gacha.lunchplace", "pk": 22, "fields": {"name": "美味しい屋", "district": 2, "store_type": 1, "has_eatin": true, "has_takeout": true, "is_valid": true, "genre": [4]}}, {"model": "lunch_gacha.lunchplace", "pk": 23, "fields": {"name": "吉田とん汁店", "district": 2, "store_type": 2, "has_eatin": true, "has_takeout": true, "is_valid": true, "genre": [17]}}, {"model": "lunch_gacha.lunchplace", "pk": 24, "fields": {"name": "喫茶ルオー", "district": 2, "store_type": 6, "has_eatin": true, "has_takeout": false, "is_valid": true, "genre": [27, 28]}}, {"model": "lunch_gacha.lunchplace", "pk": 25, "fields": {"name": "ローソンストア100 本郷郵便局店", "district": 2, "store_type": 5, "has_eatin": false, "has_takeout": true, "is_valid": true, "genre": [26, 27]}}, {"model": "lunch_gacha.lunchplace", "pk": 26, "fields": {"name": "赤門餃子軒", "district": 1, "store_type": 1, "has_eatin": true, "has_takeout": false, "is_valid": true, "genre": [4]}}, {"model": "lunch_gacha.lunchplace", "pk": 27, "fields": {"name": "一番餃子", "district": 1, "store_type": 1, "has_eatin": true, "has_takeout": true, "is_valid": true, "genre": [4]}}, {"model": "lunch_gacha.lunchplace", "pk": 28, "fields": {"name": "赤門そば", "district": 1, "store_type": 2, "has_eatin": true, "has_takeout": false, "is_valid": true, "genre": [18]}}, {"model": "lunch_gacha.lunchplace", "pk": 29, "fields": {"name": "ダージリン本郷店", "district": 1, "store_type": 2, "has_eatin": true, "has_takeout": true, "is_valid": true, "genre": [15, 23]}}, {"model": "lunch_gacha.lunchplace", "pk": 30, "fields": {"name": "海鮮どんぶり銀八丼", "district": 1, "store_type": 2, "has_eatin": true, "has_takeout": true, "is_valid": true, "genre": [19]}}, {"model": "lunch_gacha.lunchplace", "pk": 31, "fields": {"name": "タイ屋台食堂Thai Food", "district": 1, "store_type": 2, "has_eatin": true, "has_takeout": true, "is_valid": true, "genre": [20]}}, {"model": "lunch_gacha.lunchplace", "pk": 32, "fields": {"name": "家家家 本郷店", "district": 1, "store_type": 2, "has_eatin": true, "has_takeout": false, "is_valid": true, "genre": [2]}}, {"model": "lunch_gacha.lunchplace", "pk": 33, "fields": {"name": "IZASA", "district": 1, "store_type": 2, "has_eatin": true, "has_takeout": false, "is_valid": true, "genre": [3]}}, {"model": "lunch_gacha.lunchplace", "pk": 34, "fields": {"name": "らーめん一信", "district": 1, "store_type": 2, "has_eatin": true, "has_takeout": false, "is_valid": true, "genre": [3]}}, {"model": "lunch_gacha.lunchplace", "pk": 35, "fields": {"name": "焼き鳥ラッキー本郷三丁目店", "district": 5, "store_type": 2, "has_eatin": false, "has_takeout": true, "is_valid": false, "genre": [21]}}, {"model": "lunch_gacha.lunchplace", "pk": 36, "fields": {"name": "本格らぁめん末廣 本郷店", "district": 5, "store_type": 2, "has_eatin": true, "has_takeout": false, "is_valid": true, "genre": [3]}}, {"model": "lunch_gacha.lunchplace", "pk": 37, "fields": {"name": "日高屋 本郷三丁目店", "district": 5, "store_type": 1, "has_eatin": true, "has_takeout": true, "is_valid": true, "genre": [4]}}, {"model": "lunch_gacha.lunchplace", "pk": 38, "fields": {"name": "洋食屋せんごく 本郷店", "district": 5, "store_type": 1, "has_eatin": true, "has_takeout": false, "is_valid": true, "genre": [28]}}, {"model": "lunch_gacha.lunchplace", "pk": 39, "fields": {"name": "MEGURO 東京本郷三丁目店", "district": 5, "store_type": 1, "has_eatin": true, "has_takeout": false, "is_valid": true, "genre": [19]}}, {"model": "lunch_gacha.lunchplace", "pk": 40, "fields": {"name": "インドカレーナマステ 本郷三丁目店", "district": 5, "store_type": 2, "has_eatin": true, "has_takeout": true, "is_valid": true, "genre": [15, 23]}}, {"model": "lunch_gacha.lunchplace", "pk": 41, "fields": {"name": "モスバーガー", "district": 5, "store_type": 3, "has_eatin": true, "has_takeout": true, "is_valid": true, "genre": [6]}}, {"model": "lunch_gacha.lunchplace", "pk": 42, "fields": {"name": "バーガーキング 本郷三丁目店", "district": 5, "store_type": 3, "has_eatin": true, "has_takeout": true, "is_valid": true, "genre": [6]}}, {"model": "lunch_gacha.lunchplace", "pk": 43, "fields": {"name": "加賀屋 本郷店", "district": 5, "store_type": 1, "has_eatin": true, "has_takeout": false, "is_valid": false, "genre": [22]}}, {"model": "lunch_gacha.lunchplace", "pk": 44, "fields": {"name": "テング酒場 本郷三丁目店", "district": 5, "store_type": 1, "has_eatin": true, "has_takeout": false, "is_valid": false, "genre": [22]}}, {"model": "lunch_gacha.lunchplace", "pk": 45, "fields": {"name": "サンマルクカフェ 本郷三丁目メトロピア店", "district": 5, "store_type": 6, "has_eatin": true, "has_takeout": false, "is_valid": true, "genre": [27]}}, {"model": "lunch_gacha.lunchplace", "pk": 46, "fields": {"name": "がブリチキン。 本郷店", "district": 5, "store_type": 1, "has_eatin": true, "has_takeout": true, "is_valid": true, "genre": [22]}}, {"model": "lunch_gacha.lunchplace", "pk": 47, "fields": {"name": "ファミリーマート 本郷三丁目店", "district": 5, "store_type": 5, "has_eatin": false, "has_takeout": true, "is_valid": true, "genre": [26, 27]}}, {"model": "lunch_gacha.lunchplace", "pk": 48, "fields": {"name": "我流坦々麺竹子 本郷店", "district": 5, "store_type": 2, "has_eatin": true, "has_takeout": false, "is_valid": true, "genre": [25]}}, {"model": "lunch_gacha.lunchplace", "pk": 49, "fields": {"name": "麺やねむ瑠", "district": 5, "store_type": 2, "has_eatin": true, "has_takeout": false, "is_valid": true, "genre": [3]}}, {"model": "lunch_gacha.lunchplace", "pk": 50, "fields": {"name": "カレーハウスCoCO壱番屋 本郷三丁目駅前店", "district": 5, "store_type": 1, "has_eatin": true, "has_takeout": true, "is_valid": true, "genre": [23]}}, {"model": "lunch_gacha.lunchplace", "pk": 51, "fields": {"name": "なか卯 本郷三丁目店", "district": 5, "store_type": 3, "has_eatin": true, "has_takeout": true, "is_valid": true, "genre": [24]}}, {"model": "lunch_gacha.lunchplace", "pk": 52, "fields": {"name": "瀬佐味亭", "district": 1, "store_type": 2, "has_eatin": true, "has_takeout": false, "is_valid": true, "genre": [25]}}, {"model": "lunch_gacha.lunchplace", "pk": 53, "fields": {"name": "蓬渓閣", "district": 5, "store_type": 1, "has_eatin": true, "has_takeout": false, "is_valid": true, "genre": [4]}}, {"model": "lunch_gacha.lunchplace", "pk": 54, "fields": {"name": "サイゼリヤ", "district": 2, "store_type": 1, "has_eatin": true, "has_takeout": false, "is_valid": true, "genre": [9]}}, {"model": "lunch_gacha.lunchplace", "pk": 55, "fields": {"name": "やよい軒　本郷店", "district": 5, "store_type": 1, "has_eatin": true, "has_takeout": false, "is_valid": true, "genre": [17, 28]}}, {"model": "lunch_gacha.lunchplace", "pk": 56, "fields": {"name": "ネオ屋台村(工8号館下)", "district": 2, "store_type": 2, "has_eatin": false, "has_takeout": true, "is_valid": true, "genre": [26]}}, {"model": "lunch_gacha.lunchplace", "pk": 57, "fields": {"name": "ネオ屋台村(学生支援C前)", "district": 2, "store_type": 2, "has_eatin": false, "has_takeout": true, "is_valid": true, "genre": [26]}}, {"model": "lunch_gacha.lunchplace", "pk": 58, "fields": {"name": "ネオ屋台村(経済棟)", "district": 1, "store_type": 2, "has_eatin": false, "has_takeout": true, "is_valid": true, "genre": [26]}}, {"model": "lunch_gacha.lunchplace", "pk": 59, "fields": {"name": "ネオ屋台村(病院前)", "district": 1, "store_type": 2, "has_eatin": false, "has_takeout": true, "is_valid": true, "genre": [26]}}, {"model": "lunch_gacha.lunchplace", "pk": 60, "fields": {"name": "ネオ屋台村(本部棟)", "district": 1, "store_type": 2, "has_eatin": false, "has_takeout": true, "is_valid": true, "genre": [26]}}, {"model": "lunch_gacha.lunchplace", "pk": 61, "fields": {"name": "保刈商店", "district": 3, "store_type": 2, "has_eatin": false, "has_takeout": true, "is_valid": true, "genre": [26, 29]}}, {"model": "lunch_gacha.lunchplace", "pk": 62, "fields": {"name": "とり多津　根津店", "district": 4, "store_type": 2, "has_eatin": false, "has_takeout": true, "is_valid": true, "genre": [26, 29]}}, {"model": "lunch_gacha.lunchplace", "pk": 63, "fields": {"name": "吉野家　根津店", "district": 4, "store_type": 3, "has_eatin": true, "has_takeout": true, "is_valid": true, "genre": [24]}}, {"model": "lunch_gacha.lunchplace", "pk": 64, "fields": {"name": "レストランKIZUKA", "district": 4, "store_type": 1, "has_eatin": true, "has_takeout": true, "is_valid": true, "genre": [28]}}, {"model": "lunch_gacha.lunchplace", "pk": 65, "fields": {"name": "SPIGA　根津店", "district": 4, "store_type": 1, "has_eatin": true, "has_takeout": false, "is_valid": true, "genre": [9]}}, {"model": "lunch_gacha.lunchplace", "pk": 66, "fields": {"name": "京樽・スシロー　根津店", "district": 4, "store_type": 2, "has_eatin": false, "has_takeout": true, "is_valid": true, "genre": [30]}}, {"model": "lunch_gacha.lunchplace", "pk": 67, "fields": {"name": "鮨みひろ", "district": 4, "store_type": 2, "has_eatin": true, "has_takeout": false, "is_valid": true, "genre": [30]}}, {"model": "lunch_gacha.lunchplace", "pk": 68, "fields": {"name": "ピザハット　文京根津店", "district": 4, "store_type": 2, "has_eatin": false, "has_takeout": true, "is_valid": true, "genre": [9]}}, {"model": "lunch_gacha.lunchplace", "pk": 69, "fields": {"name": "日比谷松本楼 GRILL 東京大学工学部2号館店", "district": 2, "store_type": 1, "has_eatin": true, "has_takeout": false, "is_valid": true, "genre": [28]}}, {"model": "lunch_gacha.lunchplace", "pk": 70, "fields": {"name": "欧風カレー　ル・ムーラン", "district": 2, "store_type": 1, "has_eatin": true, "has_takeout": true, "is_valid": true, "genre": [23]}}, {"model": "lunch_gacha.lunchplace", "pk": 71, "fields": {"name": "ルヴェ ソン ヴェール 本郷", "district": 2, "store_type": 1, "has_eatin": true, "has_takeout": false, "is_valid": true, "genre": [28]}}, {"model": "lunch_gacha.lunchplace", "pk": 72, "fields": {"name": "札幌味噌ラーメン 三好", "district": 3, "store_type": 2, "has_eatin": true, "has_takeout": false, "is_valid": true, "genre": [3]}}, {"model": "lunch_gacha.lunchplace", "pk": 73, "fields": {"name": "石垣の塩まぜそば 織恩", "district": 3, "store_type": 2, "has_eatin": true, "has_takeout": false, "is_valid": true, "genre": [8]}}, {"model": "release_manager.releaselog", "pk": 1, "fields": {"date": "2022-03-09", "title": "初回リリース", "description": "・ガチャ機能を実装\r\n・ガチャの出力一覧を表示可能\r\n・出力結果はTwitterに共有可能"}}, {"model": "release_manager.releaselog", "pk": 2, "fields": {"date": "2022-06-04", "title": "2022初夏アップデート", "description": "【データ投入】\r\n・店舗リストに約20項目を追加\r\n\r\n【新機能】\r\n・販売形式(イートイン/テイクアウト)による絞り込み\r\n・リリースノート機能\r\n・LINE経由での共有機能\r\n・絞り込みメニューでの全選択・全解除機能\r\n\r\n【修正】\r\n・ガチャページのURLをトップドメインに変更"}}, {"model": "contenttypes.contenttype", "pk": 1, "fields": {"app_label": "admin", "model": "logentry"}}, {"model": "contenttypes.contenttype", "pk": 2, "fields": {"app_label": "auth", "model": "permission"}}, {"model": "contenttypes.contenttype", "pk": 3, "fields": {"app_label": "auth", "model": "group"}}, {"model": "contenttypes.contenttype", "pk": 4, "fields": {"app_label": "contenttypes", "model": "contenttype"}}, {"model": "contenttypes.contenttype", "pk": 5, "fields": {"app_label": "sessions", "model": "session"}}, {"model": "contenttypes.contenttype", "pk": 6, "fields": {"app_label": "lunch_gacha", "model": "district"}}, {"model": "contenttypes.contenttype", "pk": 7, "fields": {"app_label": "lunch_gacha", "model": "lunchgenre"}}, {"model": "contenttypes.contenttype", "pk": 8, "fields": {"app_label": "lunch_gacha", "model": "lunchplace"}}, {"model": "contenttypes.contenttype", "pk": 9, "fields": {"app_label": "lunch_gacha", "model": "user"}}, {"model": "contenttypes.contenttype", "pk": 10, "fields": {"app_label": "lunch_gacha", "model": "storetype"}}, {"model": "contenttypes.contenttype", "pk": 11, "fields": {"app_label": "lunch_gacha", "model": "releaselog"}}, {"model": "contenttypes.contenttype", "pk": 12, "fields": {"app_label": "release_manager", "model": "releaselog"}}, {"model": "sessions.session", "pk": "sp2li93ydcu6z26ynk3kgptjwd5435z6", "fields": {"session_data": ".eJxVjs2KwzAMhN9F5xDybzvHve8TlGJkS2myDQ4bO5RS-u6VoYf2MCA03wzzAItHmu0RebcLwQgNFJ8_h_7KIRv0h-GylX4LaV9cmZHy7cbydyNef97sV8GMcZa0UQYnbTxNquoG5Fp1Q-181wzKsGZuez-4qa2IGJUxriduJiWRirTWvZZSDPHGO4yqLeD_4P0O4wNoiTLHJxhPUAuU57eiTtTDuYCIK9uY7itnRNZYxrQEsfOd8MrbkeD8fL4AbbNWEg:1nxOAO:Sy7Wg5TMI4G95REzAVhZh55BvkCOr6aA3JHuonjuqKY", "expire_date": "2022-06-18T07:25:48.649Z"}}, {"model": "sessions.session", "pk": "yboj6cqz13fjdjwnxq5o5mpbkqpkcn4t", "fields": {"session_data": ".eJxVjMsKgzAQRf9l1hLUxryW3fcLSpEkM1HbEmmilCL-exXcuL3nnLuAjflLCQxXBXxmSj8wC3QUE4G5A4fHWkBr56lv50ypHRAM1HDanPUvijvAp43dyPwYpzQ4tivsoJndRqT39XBPB73N_VZrqW1Q2mOQJReWKslF5TyvhdSkiC6NFy5cSkSyUmvXINVBbkmJSqlGwfoHUjBDpQ:1nRsmw:WZZ1B1H1369A7rlBJ4wYQP5OErbDk4EVXxsr79kvSQg", "expire_date": "2022-03-23T09:39:22.275Z"}}]