[{"model": "admin.logentry", "pk": 1, "fields": {"action_time": "2022-03-09T02:42:15.124Z", "user": 2, "content_type": 6, "object_id": "1", "object_repr": "本郷赤門前", "action_flag": 1, "change_message": "[{\"added\": {}}]"}}, {"model": "admin.logentry", "pk": 2, "fields": {"action_time": "2022-03-09T02:42:19.160Z", "user": 2, "content_type": 6, "object_id": "2", "object_repr": "本郷正門前", "action_flag": 1, "change_message": "[{\"added\": {}}]"}}, {"model": "admin.logentry", "pk": 3, "fields": {"action_time": "2022-03-09T02:42:24.647Z", "user": 2, "content_type": 6, "object_id": "3", "object_repr": "弥生農正門前", "action_flag": 1, "change_message": "[{\"added\": {}}]"}}, {"model": "admin.logentry", "pk": 4, "fields": {"action_time": "2022-03-09T02:42:27.856Z", "user": 2, "content_type": 6, "object_id": "4", "object_repr": "根津", "action_flag": 1, "change_message": "[{\"added\": {}}]"}}, {"model": "admin.logentry", "pk": 5, "fields": {"action_time": "2022-03-09T02:42:40.561Z", "user": 2, "content_type": 6, "object_id": "5", "object_repr": "本郷三丁目駅周辺", "action_flag": 1, "change_message": "[{\"added\": {}}]"}}, {"model": "admin.logentry", "pk": 6, "fields": {"action_time": "2022-03-09T02:42:45.199Z", "user": 2, "content_type": 6, "object_id": "6", "object_repr": "湯島", "action_flag": 1, "change_message": "[{\"added\": {}}]"}}, {"model": "admin.logentry", "pk": 7, "fields": {"action_time": "2022-03-09T02:42:51.788Z", "user": 2, "content_type": 6, "object_id": "7", "object_repr": "白山", "action_flag": 1, "change_message": "[{\"added\": {}}]"}}, {"model": "admin.logentry", "pk": 8, "fields": {"action_time": "2022-03-09T02:42:56.503Z", "user": 2, "content_type": 6, "object_id": "8", "object_repr": "後楽園", "action_flag": 1, "change_message": "[{\"added\": {}}]"}}, {"model": "admin.logentry", "pk": 9, "fields": {"action_time": "2022-03-09T02:43:04.022Z", "user": 2, "content_type": 6, "object_id": "9", "object_repr": "御茶ノ水", "action_flag": 1, "change_message": "[{\"added\": {}}]"}}, {"model": "admin.logentry", "pk": 10, "fields": {"action_time": "2022-03-09T02:43:18.099Z", "user": 2, "content_type": 7, "object_id": "1", "object_repr": "ラーメン(豚骨)", "action_flag": 1, "change_message": "[{\"added\": {}}]"}}, {"model": "admin.logentry", "pk": 11, "fields": {"action_time": "2022-03-09T02:43:25.118Z", "user": 2, "content_type": 7, "object_id": "2", "object_repr": "ラーメン(家系)", "action_flag": 1, "change_message": "[{\"added\": {}}]"}}, {"model": "admin.logentry", "pk": 12, "fields": {"action_time": "2022-03-09T02:43:32.528Z", "user": 2, "content_type": 7, "object_id": "3", "object_repr": "ラーメン(その他)", "action_flag": 1, "change_message": "[{\"added\": {}}]"}}, {"model": "admin.logentry", "pk": 13, "fields": {"action_time": "2022-03-09T02:43:39.572Z", "user": 2, "content_type": 7, "object_id": "4", "object_repr": "中華料理", "action_flag": 1, "change_message": "[{\"added\": {}}]"}}, {"model": "admin.logentry", "pk": 14, "fields": {"action_time": "2022-03-09T02:43:47.340Z", "user": 2, "content_type": 7, "object_id": "5", "object_repr": "ラーメン(二郎系)", "action_flag": 1, "change_message": "[{\"added\": {}}]"}}, {"model": "admin.logentry", "pk": 15, "fields": {"action_time": "2022-03-09T02:44:05.238Z", "user": 2, "content_type": 7, "object_id": "6", "object_repr": "ハンバーガー", "action_flag": 1, "change_message": "[{\"added\": {}}]"}}, {"model": "admin.logentry", "pk": 16, "fields": {"action_time": "2022-03-09T02:44:11.792Z", "user": 2, "content_type": 7, "object_id": "7", "object_repr": "焼肉", "action_flag": 1, "change_message": "[{\"added\": {}}]"}}, {"model": "admin.logentry", "pk": 17, "fields": {"action_time": "2022-03-09T02:44:25.611Z", "user": 2, "content_type": 7, "object_id": "8", "object_repr": "まぜそば", "action_flag": 1, "change_message": "[{\"added\": {}}]"}}, {"model": "admin.logentry", "pk": 18, "fields": {"action_time": "2022-03-09T02:44:31.490Z", "user": 2, "content_type": 7, "object_id": "9", "object_repr": "イタリアン", "action_flag": 1, "change_message": "[{\"added\": {}}]"}}, {"model": "admin.logentry", "pk": 19, "fields": {"action_time": "2022-03-09T02:45:23.990Z", "user": 2, "content_type": 8, "object_id": "1", "object_repr": "バーガーキング本郷三丁目店", "action_flag": 1, "change_message": "[{\"added\": {}}, {\"added\": {\"name\": \"lunchplace-lunchgenre \\u306e\\u95a2\\u9023\", \"object\": \"LunchPlace_genre object (1)\"}}]"}}, {"model": "admin.logentry", "pk": 20, "fields": {"action_time": "2022-03-09T02:45:49.394Z", "user": 2, "content_type": 8, "object_id": "2", "object_repr": "用心棒 本郷", "action_flag": 1, "change_message": "[{\"added\": {}}, {\"added\": {\"name\": \"lunchplace-lunchgenre \\u306e\\u95a2\\u9023\", \"object\": \"LunchPlace_genre object (2)\"}}]"}}, {"model": "admin.logentry", "pk": 21, "fields": {"action_time": "2022-03-09T02:46:30.311Z", "user": 2, "content_type": 7, "object_id": "10", "object_repr": "コンビニエンスストア", "action_flag": 1, "change_message": "[{\"added\": {}}]"}}, {"model": "admin.logentry", "pk": 22, "fields": {"action_time": "2022-03-09T02:46:35.681Z", "user": 2, "content_type": 8, "object_id": "3", "object_repr": "セブンイレブン文京向丘1丁目店", "action_flag": 1, "change_message": "[{\"added\": {}}, {\"added\": {\"name\": \"lunchplace-lunchgenre \\u306e\\u95a2\\u9023\", \"object\": \"LunchPlace_genre object (3)\"}}]"}}, {"model": "admin.logentry", "pk": 23, "fields": {"action_time": "2022-03-09T02:47:10.816Z", "user": 2, "content_type": 7, "object_id": "11", "object_repr": "大学生協購買", "action_flag": 1, "change_message": "[{\"added\": {}}]"}}, {"model": "admin.logentry", "pk": 24, "fields": {"action_time": "2022-03-09T02:47:13.248Z", "user": 2, "content_type": 8, "object_id": "4", "object_repr": "東大生協農学部購買", "action_flag": 1, "change_message": "[{\"added\": {}}, {\"added\": {\"name\": \"lunchplace-lunchgenre \\u306e\\u95a2\\u9023\", \"object\": \"LunchPlace_genre object (4)\"}}]"}}, {"model": "admin.logentry", "pk": 25, "fields": {"action_time": "2022-03-09T02:47:29.193Z", "user": 2, "content_type": 7, "object_id": "12", "object_repr": "大学生協食堂", "action_flag": 1, "change_message": "[{\"added\": {}}]"}}, {"model": "admin.logentry", "pk": 26, "fields": {"action_time": "2022-03-09T02:47:30.744Z", "user": 2, "content_type": 8, "object_id": "5", "object_repr": "東大生協農学部食堂", "action_flag": 1, "change_message": "[{\"added\": {}}, {\"added\": {\"name\": \"lunchplace-lunchgenre \\u306e\\u95a2\\u9023\", \"object\": \"LunchPlace_genre object (5)\"}}]"}}, {"model": "admin.logentry", "pk": 27, "fields": {"action_time": "2022-03-09T02:48:15.710Z", "user": 2, "content_type": 7, "object_id": "13", "object_repr": "カフェ", "action_flag": 1, "change_message": "[{\"added\": {}}]"}}, {"model": "admin.logentry", "pk": 28, "fields": {"action_time": "2022-03-09T02:48:18.294Z", "user": 2, "content_type": 8, "object_id": "6", "object_repr": "カフェアグリワンオーワン", "action_flag": 1, "change_message": "[{\"added\": {}}, {\"added\": {\"name\": \"lunchplace-lunchgenre \\u306e\\u95a2\\u9023\", \"object\": \"LunchPlace_genre object (6)\"}}]"}}, {"model": "admin.logentry", "pk": 29, "fields": {"action_time": "2022-03-09T02:48:54.473Z", "user": 2, "content_type": 7, "object_id": "14", "object_repr": "レストラン", "action_flag": 1, "change_message": "[{\"added\": {}}]"}}, {"model": "admin.logentry", "pk": 30, "fields": {"action_time": "2022-03-09T02:48:57.156Z", "user": 2, "content_type": 8, "object_id": "7", "object_repr": "アブルボア(東大農学部内)", "action_flag": 1, "change_message": "[{\"added\": {}}, {\"added\": {\"name\": \"lunchplace-lunchgenre \\u306e\\u95a2\\u9023\", \"object\": \"LunchPlace_genre object (7)\"}}]"}}, {"model": "admin.logentry", "pk": 31, "fields": {"action_time": "2022-03-09T02:49:05.264Z", "user": 2, "content_type": 8, "object_id": "5", "object_repr": "東大生協農学部食堂", "action_flag": 2, "change_message": "[{\"changed\": {\"name\": \"lunchplace-lunchgenre \\u306e\\u95a2\\u9023\", \"object\": \"LunchPlace_genre object (5)\", \"fields\": [\"Lunchgenre\"]}}]"}}, {"model": "admin.logentry", "pk": 32, "fields": {"action_time": "2022-03-09T02:49:38.705Z", "user": 2, "content_type": 7, "object_id": "12", "object_repr": "大学生協食堂", "action_flag": 3, "change_message": ""}}, {"model": "admin.logentry", "pk": 33, "fields": {"action_time": "2022-03-09T02:49:43.631Z", "user": 2, "content_type": 7, "object_id": "11", "object_repr": "大学生協購買", "action_flag": 3, "change_message": ""}}, {"model": "admin.logentry", "pk": 34, "fields": {"action_time": "2022-03-09T02:49:55.135Z", "user": 2, "content_type": 8, "object_id": "4", "object_repr": "東大生協農学部購買", "action_flag": 2, "change_message": "[{\"added\": {\"name\": \"lunchplace-lunchgenre \\u306e\\u95a2\\u9023\", \"object\": \"LunchPlace_genre object (8)\"}}]"}}, {"model": "admin.logentry", "pk": 35, "fields": {"action_time": "2022-03-09T02:50:35.598Z", "user": 2, "content_type": 7, "object_id": "15", "object_repr": "インド料理店", "action_flag": 1, "change_message": "[{\"added\": {}}]"}}, {"model": "admin.logentry", "pk": 36, "fields": {"action_time": "2022-03-09T02:50:37.706Z", "user": 2, "content_type": 8, "object_id": "8", "object_repr": "ビサール", "action_flag": 1, "change_message": "[{\"added\": {}}, {\"added\": {\"name\": \"lunchplace-lunchgenre \\u306e\\u95a2\\u9023\", \"object\": \"LunchPlace_genre object (9)\"}}]"}}, {"model": "admin.logentry", "pk": 37, "fields": {"action_time": "2022-03-09T02:51:46.779Z", "user": 2, "content_type": 7, "object_id": "16", "object_repr": "その他ファストフード", "action_flag": 1, "change_message": "[{\"added\": {}}]"}}, {"model": "admin.logentry", "pk": 38, "fields": {"action_time": "2022-03-09T02:51:48.768Z", "user": 2, "content_type": 8, "object_id": "9", "object_repr": "SUBWAY 東大工学部2号館店", "action_flag": 1, "change_message": "[{\"added\": {}}, {\"added\": {\"name\": \"lunchplace-lunchgenre \\u306e\\u95a2\\u9023\", \"object\": \"LunchPlace_genre object (10)\"}}]"}}, {"model": "admin.logentry", "pk": 39, "fields": {"action_time": "2022-03-09T02:52:06.523Z", "user": 2, "content_type": 8, "object_id": "10", "object_repr": "ローソンストア100 東大工学部3号館店", "action_flag": 1, "change_message": "[{\"added\": {}}, {\"added\": {\"name\": \"lunchplace-lunchgenre \\u306e\\u95a2\\u9023\", \"object\": \"LunchPlace_genre object (11)\"}}]"}}, {"model": "admin.logentry", "pk": 40, "fields": {"action_time": "2022-03-09T02:52:27.902Z", "user": 2, "content_type": 8, "object_id": "11", "object_repr": "ローソン 東大安田講堂店", "action_flag": 1, "change_message": "[{\"added\": {}}, {\"added\": {\"name\": \"lunchplace-lunchgenre \\u306e\\u95a2\\u9023\", \"object\": \"LunchPlace_genre object (12)\"}}]"}}, {"model": "admin.logentry", "pk": 41, "fields": {"action_time": "2022-03-09T02:52:54.667Z", "user": 2, "content_type": 8, "object_id": "12", "object_repr": "ドトールコーヒー 東大安田講堂前店", "action_flag": 1, "change_message": "[{\"added\": {}}, {\"added\": {\"name\": \"lunchplace-lunchgenre \\u306e\\u95a2\\u9023\", \"object\": \"LunchPlace_genre object (13)\"}}]"}}, {"model": "admin.logentry", "pk": 42, "fields": {"action_time": "2022-03-09T02:53:11.014Z", "user": 2, "content_type": 8, "object_id": "13", "object_repr": "東京大学中央食堂", "action_flag": 1, "change_message": "[{\"added\": {}}, {\"added\": {\"name\": \"lunchplace-lunchgenre \\u306e\\u95a2\\u9023\", \"object\": \"LunchPlace_genre object (14)\"}}]"}}, {"model": "admin.logentry", "pk": 43, "fields": {"action_time": "2022-03-09T02:53:34.411Z", "user": 2, "content_type": 8, "object_id": "14", "object_repr": "東大生協 第二購買", "action_flag": 1, "change_message": "[{\"added\": {}}, {\"added\": {\"name\": \"lunchplace-lunchgenre \\u306e\\u95a2\\u9023\", \"object\": \"LunchPlace_genre object (15)\"}}]"}}, {"model": "admin.logentry", "pk": 44, "fields": {"action_time": "2022-03-09T02:53:56.353Z", "user": 2, "content_type": 8, "object_id": "15", "object_repr": "ネオポンテTOKYO", "action_flag": 1, "change_message": "[{\"added\": {}}, {\"added\": {\"name\": \"lunchplace-lunchgenre \\u306e\\u95a2\\u9023\", \"object\": \"LunchPlace_genre object (16)\"}}]"}}, {"model": "admin.logentry", "pk": 45, "fields": {"action_time": "2022-03-09T02:54:13.224Z", "user": 2, "content_type": 8, "object_id": "16", "object_repr": "東大生協 第二食堂", "action_flag": 1, "change_message": "[{\"added\": {}}, {\"added\": {\"name\": \"lunchplace-lunchgenre \\u306e\\u95a2\\u9023\", \"object\": \"LunchPlace_genre object (17)\"}}]"}}, {"model": "admin.logentry", "pk": 46, "fields": {"action_time": "2022-03-09T02:54:31.111Z", "user": 2, "content_type": 8, "object_id": "17", "object_repr": "東大生協 第一購買", "action_flag": 1, "change_message": "[{\"added\": {}}, {\"added\": {\"name\": \"lunchplace-lunchgenre \\u306e\\u95a2\\u9023\", \"object\": \"LunchPlace_genre object (18)\"}}]"}}, {"model": "admin.logentry", "pk": 47, "fields": {"action_time": "2022-03-09T02:54:55.212Z", "user": 2, "content_type": 8, "object_id": "18", "object_repr": "スターバックスコーヒー 東大工学部店", "action_flag": 1, "change_message": "[{\"added\": {}}, {\"added\": {\"name\": \"lunchplace-lunchgenre \\u306e\\u95a2\\u9023\", \"object\": \"LunchPlace_genre object (19)\"}}]"}}, {"model": "admin.logentry", "pk": 48, "fields": {"action_time": "2022-03-09T02:55:22.412Z", "user": 2, "content_type": 7, "object_id": "17", "object_repr": "和食", "action_flag": 1, "change_message": "[{\"added\": {}}]"}}, {"model": "admin.logentry", "pk": 49, "fields": {"action_time": "2022-03-09T02:55:24.214Z", "user": 2, "content_type": 8, "object_id": "19", "object_repr": "北海道の米と汁U-gohan 東大正門", "action_flag": 1, "change_message": "[{\"added\": {}}, {\"added\": {\"name\": \"lunchplace-lunchgenre \\u306e\\u95a2\\u9023\", \"object\": \"LunchPlace_genre object (20)\"}}]"}}, {"model": "admin.logentry", "pk": 50, "fields": {"action_time": "2022-03-09T02:55:39.858Z", "user": 2, "content_type": 8, "object_id": "20", "object_repr": "SUPER PIZZA", "action_flag": 1, "change_message": "[{\"added\": {}}, {\"added\": {\"name\": \"lunchplace-lunchgenre \\u306e\\u95a2\\u9023\", \"object\": \"LunchPlace_genre object (21)\"}}]"}}, {"model": "admin.logentry", "pk": 51, "fields": {"action_time": "2022-03-09T02:56:06.426Z", "user": 2, "content_type": 8, "object_id": "21", "object_repr": "ファミリーマート 東大正門前店", "action_flag": 1, "change_message": "[{\"added\": {}}, {\"added\": {\"name\": \"lunchplace-lunchgenre \\u306e\\u95a2\\u9023\", \"object\": \"LunchPlace_genre object (22)\"}}]"}}, {"model": "admin.logentry", "pk": 52, "fields": {"action_time": "2022-03-09T02:56:27.954Z", "user": 2, "content_type": 8, "object_id": "22", "object_repr": "美味しい屋", "action_flag": 1, "change_message": "[{\"added\": {}}, {\"added\": {\"name\": \"lunchplace-lunchgenre \\u306e\\u95a2\\u9023\", \"object\": \"LunchPlace_genre object (23)\"}}]"}}, {"model": "admin.logentry", "pk": 53, "fields": {"action_time": "2022-03-09T02:56:48.369Z", "user": 2, "content_type": 8, "object_id": "23", "object_repr": "吉田とん汁店", "action_flag": 1, "change_message": "[{\"added\": {}}, {\"added\": {\"name\": \"lunchplace-lunchgenre \\u306e\\u95a2\\u9023\", \"object\": \"LunchPlace_genre object (24)\"}}]"}}, {"model": "admin.logentry", "pk": 54, "fields": {"action_time": "2022-03-09T02:57:10.191Z", "user": 2, "content_type": 8, "object_id": "24", "object_repr": "喫茶ルオー", "action_flag": 1, "change_message": "[{\"added\": {}}, {\"added\": {\"name\": \"lunchplace-lunchgenre \\u306e\\u95a2\\u9023\", \"object\": \"LunchPlace_genre object (25)\"}}]"}}, {"model": "admin.logentry", "pk": 55, "fields": {"action_time": "2022-03-09T02:57:35.338Z", "user": 2, "content_type": 8, "object_id": "25", "object_repr": "ローソンストア100 本郷郵便局店", "action_flag": 1, "change_message": "[{\"added\": {}}, {\"added\": {\"name\": \"lunchplace-lunchgenre \\u306e\\u95a2\\u9023\", \"object\": \"LunchPlace_genre object (26)\"}}]"}}, {"model": "admin.logentry", "pk": 56, "fields": {"action_time": "2022-03-09T02:57:52.351Z", "user": 2, "content_type": 8, "object_id": "26", "object_repr": "赤門餃子軒", "action_flag": 1, "change_message": "[{\"added\": {}}, {\"added\": {\"name\": \"lunchplace-lunchgenre \\u306e\\u95a2\\u9023\", \"object\": \"LunchPlace_genre object (27)\"}}]"}}, {"model": "admin.logentry", "pk": 57, "fields": {"action_time": "2022-03-09T02:58:21.348Z", "user": 2, "content_type": 8, "object_id": "27", "object_repr": "一番餃子", "action_flag": 1, "change_message": "[{\"added\": {}}, {\"added\": {\"name\": \"lunchplace-lunchgenre \\u306e\\u95a2\\u9023\", \"object\": \"LunchPlace_genre object (28)\"}}]"}}, {"model": "admin.logentry", "pk": 58, "fields": {"action_time": "2022-03-09T02:58:36.933Z", "user": 2, "content_type": 7, "object_id": "18", "object_repr": "そば", "action_flag": 1, "change_message": "[{\"added\": {}}]"}}, {"model": "admin.logentry", "pk": 59, "fields": {"action_time": "2022-03-09T02:58:39.086Z", "user": 2, "content_type": 8, "object_id": "28", "object_repr": "赤門そば", "action_flag": 1, "change_message": "[{\"added\": {}}, {\"added\": {\"name\": \"lunchplace-lunchgenre \\u306e\\u95a2\\u9023\", \"object\": \"LunchPlace_genre object (29)\"}}]"}}, {"model": "admin.logentry", "pk": 60, "fields": {"action_time": "2022-03-09T02:58:53.364Z", "user": 2, "content_type": 8, "object_id": "29", "object_repr": "ダージリン本郷店", "action_flag": 1, "change_message": "[{\"added\": {}}, {\"added\": {\"name\": \"lunchplace-lunchgenre \\u306e\\u95a2\\u9023\", \"object\": \"LunchPlace_genre object (30)\"}}]"}}, {"model": "admin.logentry", "pk": 61, "fields": {"action_time": "2022-03-09T02:59:33.349Z", "user": 2, "content_type": 7, "object_id": "19", "object_repr": "海鮮丼", "action_flag": 1, "change_message": "[{\"added\": {}}]"}}, {"model": "admin.logentry", "pk": 62, "fields": {"action_time": "2022-03-09T02:59:35.388Z", "user": 2, "content_type": 8, "object_id": "30", "object_repr": "海鮮どんぶり銀八丼", "action_flag": 1, "change_message": "[{\"added\": {}}, {\"added\": {\"name\": \"lunchplace-lunchgenre \\u306e\\u95a2\\u9023\", \"object\": \"LunchPlace_genre object (31)\"}}]"}}, {"model": "admin.logentry", "pk": 63, "fields": {"action_time": "2022-03-09T02:59:54.453Z", "user": 2, "content_type": 7, "object_id": "20", "object_repr": "タイ料理", "action_flag": 1, "change_message": "[{\"added\": {}}]"}}, {"model": "admin.logentry", "pk": 64, "fields": {"action_time": "2022-03-09T02:59:55.826Z", "user": 2, "content_type": 8, "object_id": "31", "object_repr": "タイ屋台食堂Thai Food", "action_flag": 1, "change_message": "[{\"added\": {}}, {\"added\": {\"name\": \"lunchplace-lunchgenre \\u306e\\u95a2\\u9023\", \"object\": \"LunchPlace_genre object (32)\"}}]"}}, {"model": "admin.logentry", "pk": 65, "fields": {"action_time": "2022-03-09T03:00:23.175Z", "user": 2, "content_type": 8, "object_id": "32", "object_repr": "家家家 本郷店", "action_flag": 1, "change_message": "[{\"added\": {}}, {\"added\": {\"name\": \"lunchplace-lunchgenre \\u306e\\u95a2\\u9023\", \"object\": \"LunchPlace_genre object (33)\"}}]"}}, {"model": "admin.logentry", "pk": 66, "fields": {"action_time": "2022-03-09T03:00:34.666Z", "user": 2, "content_type": 8, "object_id": "33", "object_repr": "IZASA", "action_flag": 1, "change_message": "[{\"added\": {}}, {\"added\": {\"name\": \"lunchplace-lunchgenre \\u306e\\u95a2\\u9023\", \"object\": \"LunchPlace_genre object (34)\"}}]"}}, {"model": "admin.logentry", "pk": 67, "fields": {"action_time": "2022-03-09T03:00:47.516Z", "user": 2, "content_type": 8, "object_id": "34", "object_repr": "らーめん一信", "action_flag": 1, "change_message": "[{\"added\": {}}, {\"added\": {\"name\": \"lunchplace-lunchgenre \\u306e\\u95a2\\u9023\", \"object\": \"LunchPlace_genre object (35)\"}}]"}}, {"model": "admin.logentry", "pk": 68, "fields": {"action_time": "2022-03-09T03:01:23.721Z", "user": 2, "content_type": 7, "object_id": "21", "object_repr": "焼き鳥", "action_flag": 1, "change_message": "[{\"added\": {}}]"}}, {"model": "admin.logentry", "pk": 69, "fields": {"action_time": "2022-03-09T03:01:25.479Z", "user": 2, "content_type": 8, "object_id": "35", "object_repr": "焼き鳥ラッキー本郷三丁目店", "action_flag": 1, "change_message": "[{\"added\": {}}, {\"added\": {\"name\": \"lunchplace-lunchgenre \\u306e\\u95a2\\u9023\", \"object\": \"LunchPlace_genre object (36)\"}}]"}}, {"model": "admin.logentry", "pk": 70, "fields": {"action_time": "2022-03-09T03:01:52.347Z", "user": 2, "content_type": 8, "object_id": "36", "object_repr": "本格らぁめん末廣 本郷店", "action_flag": 1, "change_message": "[{\"added\": {}}, {\"added\": {\"name\": \"lunchplace-lunchgenre \\u306e\\u95a2\\u9023\", \"object\": \"LunchPlace_genre object (37)\"}}]"}}, {"model": "admin.logentry", "pk": 71, "fields": {"action_time": "2022-03-09T03:02:08.607Z", "user": 2, "content_type": 8, "object_id": "37", "object_repr": "日高屋 本郷三丁目店", "action_flag": 1, "change_message": "[{\"added\": {}}, {\"added\": {\"name\": \"lunchplace-lunchgenre \\u306e\\u95a2\\u9023\", \"object\": \"LunchPlace_genre object (38)\"}}]"}}, {"model": "admin.logentry", "pk": 72, "fields": {"action_time": "2022-03-09T03:02:27.454Z", "user": 2, "content_type": 8, "object_id": "38", "object_repr": "洋食屋せんごく 本郷店", "action_flag": 1, "change_message": "[{\"added\": {}}, {\"added\": {\"name\": \"lunchplace-lunchgenre \\u306e\\u95a2\\u9023\", \"object\": \"LunchPlace_genre object (39)\"}}]"}}, {"model": "admin.logentry", "pk": 73, "fields": {"action_time": "2022-03-09T03:03:01.009Z", "user": 2, "content_type": 8, "object_id": "39", "object_repr": "MEGURO 東京本郷三丁目店", "action_flag": 1, "change_message": "[{\"added\": {}}, {\"added\": {\"name\": \"lunchplace-lunchgenre \\u306e\\u95a2\\u9023\", \"object\": \"LunchPlace_genre object (40)\"}}]"}}, {"model": "admin.logentry", "pk": 74, "fields": {"action_time": "2022-03-09T03:03:06.616Z", "user": 2, "content_type": 7, "object_id": "19", "object_repr": "海鮮", "action_flag": 2, "change_message": "[{\"changed\": {\"fields\": [\"\\u30b8\\u30e3\\u30f3\\u30eb\\u540d\\u79f0\"]}}]"}}, {"model": "admin.logentry", "pk": 75, "fields": {"action_time": "2022-03-09T03:03:34.783Z", "user": 2, "content_type": 8, "object_id": "40", "object_repr": "インドカレーナマステ 本郷三丁目店", "action_flag": 1, "change_message": "[{\"added\": {}}, {\"added\": {\"name\": \"lunchplace-lunchgenre \\u306e\\u95a2\\u9023\", \"object\": \"LunchPlace_genre object (41)\"}}]"}}, {"model": "admin.logentry", "pk": 76, "fields": {"action_time": "2022-03-09T03:03:44.855Z", "user": 2, "content_type": 8, "object_id": "41", "object_repr": "モスバーガー", "action_flag": 1, "change_message": "[{\"added\": {}}, {\"added\": {\"name\": \"lunchplace-lunchgenre \\u306e\\u95a2\\u9023\", \"object\": \"LunchPlace_genre object (42)\"}}]"}}, {"model": "admin.logentry", "pk": 77, "fields": {"action_time": "2022-03-09T03:04:00.807Z", "user": 2, "content_type": 8, "object_id": "42", "object_repr": "バーガーキング 本郷三丁目店", "action_flag": 1, "change_message": "[{\"added\": {}}, {\"added\": {\"name\": \"lunchplace-lunchgenre \\u306e\\u95a2\\u9023\", \"object\": \"LunchPlace_genre object (43)\"}}]"}}, {"model": "admin.logentry", "pk": 78, "fields": {"action_time": "2022-03-09T03:04:17.936Z", "user": 2, "content_type": 7, "object_id": "22", "object_repr": "居酒屋", "action_flag": 1, "change_message": "[{\"added\": {}}]"}}, {"model": "admin.logentry", "pk": 79, "fields": {"action_time": "2022-03-09T03:04:19.495Z", "user": 2, "content_type": 8, "object_id": "43", "object_repr": "加賀屋 本郷店", "action_flag": 1, "change_message": "[{\"added\": {}}, {\"added\": {\"name\": \"lunchplace-lunchgenre \\u306e\\u95a2\\u9023\", \"object\": \"LunchPlace_genre object (44)\"}}]"}}, {"model": "admin.logentry", "pk": 80, "fields": {"action_time": "2022-03-09T03:04:34.343Z", "user": 2, "content_type": 8, "object_id": "44", "object_repr": "テング酒場 本郷三丁目店", "action_flag": 1, "change_message": "[{\"added\": {}}, {\"added\": {\"name\": \"lunchplace-lunchgenre \\u306e\\u95a2\\u9023\", \"object\": \"LunchPlace_genre object (45)\"}}]"}}, {"model": "admin.logentry", "pk": 81, "fields": {"action_time": "2022-03-09T03:04:53.526Z", "user": 2, "content_type": 8, "object_id": "45", "object_repr": "サンマルクカフェ 本郷三丁目メトロピア店", "action_flag": 1, "change_message": "[{\"added\": {}}, {\"added\": {\"name\": \"lunchplace-lunchgenre \\u306e\\u95a2\\u9023\", \"object\": \"LunchPlace_genre object (46)\"}}]"}}, {"model": "admin.logentry", "pk": 82, "fields": {"action_time": "2022-03-09T03:05:16.171Z", "user": 2, "content_type": 8, "object_id": "46", "object_repr": "がブリチキン。 本郷店", "action_flag": 1, "change_message": "[{\"added\": {}}, {\"added\": {\"name\": \"lunchplace-lunchgenre \\u306e\\u95a2\\u9023\", \"object\": \"LunchPlace_genre object (47)\"}}]"}}, {"model": "admin.logentry", "pk": 83, "fields": {"action_time": "2022-03-09T03:06:02.839Z", "user": 2, "content_type": 8, "object_id": "47", "object_repr": "ファミリーマート 本郷三丁目店", "action_flag": 1, "change_message": "[{\"added\": {}}, {\"added\": {\"name\": \"lunchplace-lunchgenre \\u306e\\u95a2\\u9023\", \"object\": \"LunchPlace_genre object (48)\"}}]"}}, {"model": "admin.logentry", "pk": 84, "fields": {"action_time": "2022-03-09T03:06:37.514Z", "user": 2, "content_type": 8, "object_id": "48", "object_repr": "我流坦々麺竹子 本郷店", "action_flag": 1, "change_message": "[{\"added\": {}}, {\"added\": {\"name\": \"lunchplace-lunchgenre \\u306e\\u95a2\\u9023\", \"object\": \"LunchPlace_genre object (49)\"}}]"}}, {"model": "admin.logentry", "pk": 85, "fields": {"action_time": "2022-03-09T03:06:54.781Z", "user": 2, "content_type": 7, "object_id": "8", "object_repr": "まぜそば・油そば", "action_flag": 2, "change_message": "[{\"changed\": {\"fields\": [\"\\u30b8\\u30e3\\u30f3\\u30eb\\u540d\\u79f0\"]}}]"}}, {"model": "admin.logentry", "pk": 86, "fields": {"action_time": "2022-03-09T03:07:27.651Z", "user": 2, "content_type": 8, "object_id": "49", "object_repr": "麺やねむ瑠", "action_flag": 1, "change_message": "[{\"added\": {}}, {\"added\": {\"name\": \"lunchplace-lunchgenre \\u306e\\u95a2\\u9023\", \"object\": \"LunchPlace_genre object (50)\"}}]"}}, {"model": "admin.logentry", "pk": 87, "fields": {"action_time": "2022-03-09T03:08:07.818Z", "user": 2, "content_type": 7, "object_id": "23", "object_repr": "カレー", "action_flag": 1, "change_message": "[{\"added\": {}}]"}}, {"model": "admin.logentry", "pk": 88, "fields": {"action_time": "2022-03-09T03:08:09.664Z", "user": 2, "content_type": 8, "object_id": "50", "object_repr": "カレーハウスCoCO壱番屋 本郷三丁目駅前店", "action_flag": 1, "change_message": "[{\"added\": {}}, {\"added\": {\"name\": \"lunchplace-lunchgenre \\u306e\\u95a2\\u9023\", \"object\": \"LunchPlace_genre object (51)\"}}]"}}, {"model": "admin.logentry", "pk": 89, "fields": {"action_time": "2022-03-09T03:08:32.868Z", "user": 2, "content_type": 7, "object_id": "24", "object_repr": "丼もの", "action_flag": 1, "change_message": "[{\"added\": {}}]"}}, {"model": "admin.logentry", "pk": 90, "fields": {"action_time": "2022-03-09T03:08:35.086Z", "user": 2, "content_type": 8, "object_id": "51", "object_repr": "なか卯 本郷三丁目店", "action_flag": 1, "change_message": "[{\"added\": {}}, {\"added\": {\"name\": \"lunchplace-lunchgenre \\u306e\\u95a2\\u9023\", \"object\": \"LunchPlace_genre object (52)\"}}]"}}, {"model": "admin.logentry", "pk": 91, "fields": {"action_time": "2022-03-09T03:11:18.380Z", "user": 2, "content_type": 8, "object_id": "8", "object_repr": "ビサール", "action_flag": 2, "change_message": "[{\"added\": {\"name\": \"lunchplace-lunchgenre \\u306e\\u95a2\\u9023\", \"object\": \"LunchPlace_genre object (53)\"}}]"}}, {"model": "admin.logentry", "pk": 92, "fields": {"action_time": "2022-03-09T03:11:23.075Z", "user": 2, "content_type": 8, "object_id": "29", "object_repr": "ダージリン本郷店", "action_flag": 2, "change_message": "[{\"added\": {\"name\": \"lunchplace-lunchgenre \\u306e\\u95a2\\u9023\", \"object\": \"LunchPlace_genre object (54)\"}}]"}}, {"model": "admin.logentry", "pk": 93, "fields": {"action_time": "2022-03-09T03:11:28.077Z", "user": 2, "content_type": 8, "object_id": "40", "object_repr": "インドカレーナマステ 本郷三丁目店", "action_flag": 2, "change_message": "[{\"added\": {\"name\": \"lunchplace-lunchgenre \\u306e\\u95a2\\u9023\", \"object\": \"LunchPlace_genre object (55)\"}}]"}}, {"model": "auth.permission", "pk": 1, "fields": {"name": "Can add log entry", "content_type": 1, "codename": "add_logentry"}}, {"model": "auth.permission", "pk": 2, "fields": {"name": "Can change log entry", "content_type": 1, "codename": "change_logentry"}}, {"model": "auth.permission", "pk": 3, "fields": {"name": "Can delete log entry", "content_type": 1, "codename": "delete_logentry"}}, {"model": "auth.permission", "pk": 4, "fields": {"name": "Can view log entry", "content_type": 1, "codename": "view_logentry"}}, {"model": "auth.permission", "pk": 5, "fields": {"name": "Can add permission", "content_type": 2, "codename": "add_permission"}}, {"model": "auth.permission", "pk": 6, "fields": {"name": "Can change permission", "content_type": 2, "codename": "change_permission"}}, {"model": "auth.permission", "pk": 7, "fields": {"name": "Can delete permission", "content_type": 2, "codename": "delete_permission"}}, {"model": "auth.permission", "pk": 8, "fields": {"name": "Can view permission", "content_type": 2, "codename": "view_permission"}}, {"model": "auth.permission", "pk": 9, "fields": {"name": "Can add group", "content_type": 3, "codename": "add_group"}}, {"model": "auth.permission", "pk": 10, "fields": {"name": "Can change group", "content_type": 3, "codename": "change_group"}}, {"model": "auth.permission", "pk": 11, "fields": {"name": "Can delete group", "content_type": 3, "codename": "delete_group"}}, {"model": "auth.permission", "pk": 12, "fields": {"name": "Can view group", "content_type": 3, "codename": "view_group"}}, {"model": "auth.permission", "pk": 13, "fields": {"name": "Can add content type", "content_type": 4, "codename": "add_contenttype"}}, {"model": "auth.permission", "pk": 14, "fields": {"name": "Can change content type", "content_type": 4, "codename": "change_contenttype"}}, {"model": "auth.permission", "pk": 15, "fields": {"name": "Can delete content type", "content_type": 4, "codename": "delete_contenttype"}}, {"model": "auth.permission", "pk": 16, "fields": {"name": "Can view content type", "content_type": 4, "codename": "view_contenttype"}}, {"model": "auth.permission", "pk": 17, "fields": {"name": "Can add session", "content_type": 5, "codename": "add_session"}}, {"model": "auth.permission", "pk": 18, "fields": {"name": "Can change session", "content_type": 5, "codename": "change_session"}}, {"model": "auth.permission", "pk": 19, "fields": {"name": "Can delete session", "content_type": 5, "codename": "delete_session"}}, {"model": "auth.permission", "pk": 20, "fields": {"name": "Can view session", "content_type": 5, "codename": "view_session"}}, {"model": "auth.permission", "pk": 21, "fields": {"name": "Can add district", "content_type": 6, "codename": "add_district"}}, {"model": "auth.permission", "pk": 22, "fields": {"name": "Can change district", "content_type": 6, "codename": "change_district"}}, {"model": "auth.permission", "pk": 23, "fields": {"name": "Can delete district", "content_type": 6, "codename": "delete_district"}}, {"model": "auth.permission", "pk": 24, "fields": {"name": "Can view district", "content_type": 6, "codename": "view_district"}}, {"model": "auth.permission", "pk": 25, "fields": {"name": "Can add lunch genre", "content_type": 7, "codename": "add_lunchgenre"}}, {"model": "auth.permission", "pk": 26, "fields": {"name": "Can change lunch genre", "content_type": 7, "codename": "change_lunchgenre"}}, {"model": "auth.permission", "pk": 27, "fields": {"name": "Can delete lunch genre", "content_type": 7, "codename": "delete_lunchgenre"}}, {"model": "auth.permission", "pk": 28, "fields": {"name": "Can view lunch genre", "content_type": 7, "codename": "view_lunchgenre"}}, {"model": "auth.permission", "pk": 29, "fields": {"name": "Can add lunch place", "content_type": 8, "codename": "add_lunchplace"}}, {"model": "auth.permission", "pk": 30, "fields": {"name": "Can change lunch place", "content_type": 8, "codename": "change_lunchplace"}}, {"model": "auth.permission", "pk": 31, "fields": {"name": "Can delete lunch place", "content_type": 8, "codename": "delete_lunchplace"}}, {"model": "auth.permission", "pk": 32, "fields": {"name": "Can view lunch place", "content_type": 8, "codename": "view_lunchplace"}}, {"model": "auth.permission", "pk": 33, "fields": {"name": "Can add user", "content_type": 9, "codename": "add_user"}}, {"model": "auth.permission", "pk": 34, "fields": {"name": "Can change user", "content_type": 9, "codename": "change_user"}}, {"model": "auth.permission", "pk": 35, "fields": {"name": "Can delete user", "content_type": 9, "codename": "delete_user"}}, {"model": "auth.permission", "pk": 36, "fields": {"name": "Can view user", "content_type": 9, "codename": "view_user"}}, {"model": "contenttypes.contenttype", "pk": 1, "fields": {"app_label": "admin", "model": "logentry"}}, {"model": "contenttypes.contenttype", "pk": 2, "fields": {"app_label": "auth", "model": "permission"}}, {"model": "contenttypes.contenttype", "pk": 3, "fields": {"app_label": "auth", "model": "group"}}, {"model": "contenttypes.contenttype", "pk": 4, "fields": {"app_label": "contenttypes", "model": "contenttype"}}, {"model": "contenttypes.contenttype", "pk": 5, "fields": {"app_label": "sessions", "model": "session"}}, {"model": "contenttypes.contenttype", "pk": 6, "fields": {"app_label": "lunch_gacha", "model": "district"}}, {"model": "contenttypes.contenttype", "pk": 7, "fields": {"app_label": "lunch_gacha", "model": "lunchgenre"}}, {"model": "contenttypes.contenttype", "pk": 8, "fields": {"app_label": "lunch_gacha", "model": "lunchplace"}}, {"model": "contenttypes.contenttype", "pk": 9, "fields": {"app_label": "lunch_gacha", "model": "user"}}, {"model": "lunch_gacha.user", "pk": 1, "fields": {"password": "pbkdf2_sha256$260000$ArEqsM3PtaFwpnxMRVJogD$OPmuK+s1n/N79qYaW8/axDGcDevz87X6uUdeZCUrLOU=", "last_login": "2021-10-26T03:53:00.891Z", "is_superuser": true, "username": "admin", "is_staff": true, "is_active": true, "date_joined": "2021-10-26T03:52:56.856Z", "groups": [], "user_permissions": []}}, {"model": "lunch_gacha.user", "pk": 2, "fields": {"password": "pbkdf2_sha256$260000$gmIT6DuqBxBl6E91aUQCnW$pEjRp0c5UPUgvkCVggcoFNsbMmKc+WYQZkkSb+ar71Y=", "last_login": "2022-03-09T03:14:01.413Z", "is_superuser": true, "username": "tani", "is_staff": true, "is_active": true, "date_joined": "2022-03-09T02:42:02.051Z", "groups": [], "user_permissions": []}}, {"model": "lunch_gacha.district", "pk": 1, "fields": {"name": "本郷赤門前"}}, {"model": "lunch_gacha.district", "pk": 2, "fields": {"name": "本郷正門前"}}, {"model": "lunch_gacha.district", "pk": 3, "fields": {"name": "弥生農正門前"}}, {"model": "lunch_gacha.district", "pk": 4, "fields": {"name": "根津"}}, {"model": "lunch_gacha.district", "pk": 5, "fields": {"name": "本郷三丁目駅周辺"}}, {"model": "lunch_gacha.district", "pk": 6, "fields": {"name": "湯島"}}, {"model": "lunch_gacha.district", "pk": 7, "fields": {"name": "白山"}}, {"model": "lunch_gacha.district", "pk": 8, "fields": {"name": "後楽園"}}, {"model": "lunch_gacha.district", "pk": 9, "fields": {"name": "御茶ノ水"}}, {"model": "lunch_gacha.lunchgenre", "pk": 1, "fields": {"name": "ラーメン(豚骨)"}}, {"model": "lunch_gacha.lunchgenre", "pk": 2, "fields": {"name": "ラーメン(家系)"}}, {"model": "lunch_gacha.lunchgenre", "pk": 3, "fields": {"name": "ラーメン(その他)"}}, {"model": "lunch_gacha.lunchgenre", "pk": 4, "fields": {"name": "中華料理"}}, {"model": "lunch_gacha.lunchgenre", "pk": 5, "fields": {"name": "ラーメン(二郎系)"}}, {"model": "lunch_gacha.lunchgenre", "pk": 6, "fields": {"name": "ハンバーガー"}}, {"model": "lunch_gacha.lunchgenre", "pk": 7, "fields": {"name": "焼肉"}}, {"model": "lunch_gacha.lunchgenre", "pk": 8, "fields": {"name": "まぜそば・油そば"}}, {"model": "lunch_gacha.lunchgenre", "pk": 9, "fields": {"name": "イタリアン"}}, {"model": "lunch_gacha.lunchgenre", "pk": 10, "fields": {"name": "コンビニエンスストア"}}, {"model": "lunch_gacha.lunchgenre", "pk": 13, "fields": {"name": "カフェ"}}, {"model": "lunch_gacha.lunchgenre", "pk": 14, "fields": {"name": "レストラン"}}, {"model": "lunch_gacha.lunchgenre", "pk": 15, "fields": {"name": "インド料理店"}}, {"model": "lunch_gacha.lunchgenre", "pk": 16, "fields": {"name": "その他ファストフード"}}, {"model": "lunch_gacha.lunchgenre", "pk": 17, "fields": {"name": "和食"}}, {"model": "lunch_gacha.lunchgenre", "pk": 18, "fields": {"name": "そば"}}, {"model": "lunch_gacha.lunchgenre", "pk": 19, "fields": {"name": "海鮮"}}, {"model": "lunch_gacha.lunchgenre", "pk": 20, "fields": {"name": "タイ料理"}}, {"model": "lunch_gacha.lunchgenre", "pk": 21, "fields": {"name": "焼き鳥"}}, {"model": "lunch_gacha.lunchgenre", "pk": 22, "fields": {"name": "居酒屋"}}, {"model": "lunch_gacha.lunchgenre", "pk": 23, "fields": {"name": "カレー"}}, {"model": "lunch_gacha.lunchgenre", "pk": 24, "fields": {"name": "丼もの"}}, {"model": "lunch_gacha.lunchplace", "pk": 1, "fields": {"name": "バーガーキング本郷三丁目店", "district": 5, "is_valid": true, "genre": [6]}}, {"model": "lunch_gacha.lunchplace", "pk": 2, "fields": {"name": "用心棒 本郷", "district": 3, "is_valid": true, "genre": [5]}}, {"model": "lunch_gacha.lunchplace", "pk": 3, "fields": {"name": "セブンイレブン文京向丘1丁目店", "district": 3, "is_valid": true, "genre": [10]}}, {"model": "lunch_gacha.lunchplace", "pk": 4, "fields": {"name": "東大生協農学部購買", "district": 3, "is_valid": true, "genre": [10]}}, {"model": "lunch_gacha.lunchplace", "pk": 5, "fields": {"name": "東大生協農学部食堂", "district": 3, "is_valid": true, "genre": [14]}}, {"model": "lunch_gacha.lunchplace", "pk": 6, "fields": {"name": "カフェアグリワンオーワン", "district": 3, "is_valid": true, "genre": [13]}}, {"model": "lunch_gacha.lunchplace", "pk": 7, "fields": {"name": "アブルボア(東大農学部内)", "district": 3, "is_valid": true, "genre": [14]}}, {"model": "lunch_gacha.lunchplace", "pk": 8, "fields": {"name": "ビサール", "district": 3, "is_valid": true, "genre": [15, 23]}}, {"model": "lunch_gacha.lunchplace", "pk": 9, "fields": {"name": "SUBWAY 東大工学部2号館店", "district": 2, "is_valid": true, "genre": [16]}}, {"model": "lunch_gacha.lunchplace", "pk": 10, "fields": {"name": "ローソンストア100 東大工学部3号館店", "district": 2, "is_valid": true, "genre": [10]}}, {"model": "lunch_gacha.lunchplace", "pk": 11, "fields": {"name": "ローソン 東大安田講堂店", "district": 2, "is_valid": true, "genre": [10]}}, {"model": "lunch_gacha.lunchplace", "pk": 12, "fields": {"name": "ドトールコーヒー 東大安田講堂前店", "district": 2, "is_valid": true, "genre": [13]}}, {"model": "lunch_gacha.lunchplace", "pk": 13, "fields": {"name": "東京大学中央食堂", "district": 2, "is_valid": true, "genre": [14]}}, {"model": "lunch_gacha.lunchplace", "pk": 14, "fields": {"name": "東大生協 第二購買", "district": 2, "is_valid": true, "genre": [10]}}, {"model": "lunch_gacha.lunchplace", "pk": 15, "fields": {"name": "ネオポンテTOKYO", "district": 2, "is_valid": true, "genre": [16]}}, {"model": "lunch_gacha.lunchplace", "pk": 16, "fields": {"name": "東大生協 第二食堂", "district": 2, "is_valid": true, "genre": [14]}}, {"model": "lunch_gacha.lunchplace", "pk": 17, "fields": {"name": "東大生協 第一購買", "district": 2, "is_valid": true, "genre": [10]}}, {"model": "lunch_gacha.lunchplace", "pk": 18, "fields": {"name": "スターバックスコーヒー 東大工学部店", "district": 2, "is_valid": true, "genre": [13]}}, {"model": "lunch_gacha.lunchplace", "pk": 19, "fields": {"name": "北海道の米と汁U-gohan 東大正門", "district": 2, "is_valid": true, "genre": [17]}}, {"model": "lunch_gacha.lunchplace", "pk": 20, "fields": {"name": "SUPER PIZZA", "district": 2, "is_valid": true, "genre": [9]}}, {"model": "lunch_gacha.lunchplace", "pk": 21, "fields": {"name": "ファミリーマート 東大正門前店", "district": 2, "is_valid": true, "genre": [10]}}, {"model": "lunch_gacha.lunchplace", "pk": 22, "fields": {"name": "美味しい屋", "district": 2, "is_valid": true, "genre": [4]}}, {"model": "lunch_gacha.lunchplace", "pk": 23, "fields": {"name": "吉田とん汁店", "district": 2, "is_valid": true, "genre": [17]}}, {"model": "lunch_gacha.lunchplace", "pk": 24, "fields": {"name": "喫茶ルオー", "district": 2, "is_valid": true, "genre": [13]}}, {"model": "lunch_gacha.lunchplace", "pk": 25, "fields": {"name": "ローソンストア100 本郷郵便局店", "district": 2, "is_valid": true, "genre": [10]}}, {"model": "lunch_gacha.lunchplace", "pk": 26, "fields": {"name": "赤門餃子軒", "district": 1, "is_valid": true, "genre": [4]}}, {"model": "lunch_gacha.lunchplace", "pk": 27, "fields": {"name": "一番餃子", "district": 1, "is_valid": true, "genre": [4]}}, {"model": "lunch_gacha.lunchplace", "pk": 28, "fields": {"name": "赤門そば", "district": 1, "is_valid": true, "genre": [18]}}, {"model": "lunch_gacha.lunchplace", "pk": 29, "fields": {"name": "ダージリン本郷店", "district": 1, "is_valid": true, "genre": [15, 23]}}, {"model": "lunch_gacha.lunchplace", "pk": 30, "fields": {"name": "海鮮どんぶり銀八丼", "district": 1, "is_valid": true, "genre": [19]}}, {"model": "lunch_gacha.lunchplace", "pk": 31, "fields": {"name": "タイ屋台食堂Thai Food", "district": 1, "is_valid": true, "genre": [20]}}, {"model": "lunch_gacha.lunchplace", "pk": 32, "fields": {"name": "家家家 本郷店", "district": 1, "is_valid": true, "genre": [2]}}, {"model": "lunch_gacha.lunchplace", "pk": 33, "fields": {"name": "IZASA", "district": 1, "is_valid": true, "genre": [3]}}, {"model": "lunch_gacha.lunchplace", "pk": 34, "fields": {"name": "らーめん一信", "district": 1, "is_valid": true, "genre": [3]}}, {"model": "lunch_gacha.lunchplace", "pk": 35, "fields": {"name": "焼き鳥ラッキー本郷三丁目店", "district": 5, "is_valid": true, "genre": [21]}}, {"model": "lunch_gacha.lunchplace", "pk": 36, "fields": {"name": "本格らぁめん末廣 本郷店", "district": 5, "is_valid": true, "genre": [3]}}, {"model": "lunch_gacha.lunchplace", "pk": 37, "fields": {"name": "日高屋 本郷三丁目店", "district": 5, "is_valid": true, "genre": [4]}}, {"model": "lunch_gacha.lunchplace", "pk": 38, "fields": {"name": "洋食屋せんごく 本郷店", "district": 5, "is_valid": true, "genre": [14]}}, {"model": "lunch_gacha.lunchplace", "pk": 39, "fields": {"name": "MEGURO 東京本郷三丁目店", "district": 5, "is_valid": true, "genre": [19]}}, {"model": "lunch_gacha.lunchplace", "pk": 40, "fields": {"name": "インドカレーナマステ 本郷三丁目店", "district": 5, "is_valid": true, "genre": [15, 23]}}, {"model": "lunch_gacha.lunchplace", "pk": 41, "fields": {"name": "モスバーガー", "district": 5, "is_valid": true, "genre": [6]}}, {"model": "lunch_gacha.lunchplace", "pk": 42, "fields": {"name": "バーガーキング 本郷三丁目店", "district": 5, "is_valid": true, "genre": [6]}}, {"model": "lunch_gacha.lunchplace", "pk": 43, "fields": {"name": "加賀屋 本郷店", "district": 5, "is_valid": true, "genre": [22]}}, {"model": "lunch_gacha.lunchplace", "pk": 44, "fields": {"name": "テング酒場 本郷三丁目店", "district": 5, "is_valid": true, "genre": [22]}}, {"model": "lunch_gacha.lunchplace", "pk": 45, "fields": {"name": "サンマルクカフェ 本郷三丁目メトロピア店", "district": 5, "is_valid": true, "genre": [13]}}, {"model": "lunch_gacha.lunchplace", "pk": 46, "fields": {"name": "がブリチキン。 本郷店", "district": 5, "is_valid": true, "genre": [22]}}, {"model": "lunch_gacha.lunchplace", "pk": 47, "fields": {"name": "ファミリーマート 本郷三丁目店", "district": 5, "is_valid": true, "genre": [10]}}, {"model": "lunch_gacha.lunchplace", "pk": 48, "fields": {"name": "我流坦々麺竹子 本郷店", "district": 5, "is_valid": true, "genre": [4]}}, {"model": "lunch_gacha.lunchplace", "pk": 49, "fields": {"name": "麺やねむ瑠", "district": 5, "is_valid": true, "genre": [3]}}, {"model": "lunch_gacha.lunchplace", "pk": 50, "fields": {"name": "カレーハウスCoCO壱番屋 本郷三丁目駅前店", "district": 5, "is_valid": true, "genre": [23]}}, {"model": "lunch_gacha.lunchplace", "pk": 51, "fields": {"name": "なか卯 本郷三丁目店", "district": 5, "is_valid": true, "genre": [24]}}]